id,season,city,date,team1,team2,toss_winner,toss_decision,result,dl_applied,winner,win_by_runs,win_by_wickets,player_of_match,venue,umpire1,umpire2,umpire3
2,2017,Pune,2017-04-06,Mumbai Indians,Rising Pune Supergiant,Rising Pune Supergiants,field,normal,0,Rising Pune Supergiants,0,7,SPD Smith,Maharashtra Cricket Association Stadium,A Nand Kishore,S Ravi,
3,2017,Rajkot,2017-04-07,Gujarat Lions,Kolkata Knight Riders,Kolkata Knight Riders,field,normal,0,Kolkata Knight Riders,0,10,CA Lynn,Saurashtra Cricket Association Stadium,Nitin Menon,CK Nandan,
4,2017,Indore,2017-04-08,Rising Pune Supergiants,Kings XI Punjab,Kings XI Punjab,field,normal,0,Kings XI Punjab,0,6,GJ Maxwell,Holkar Cricket Stadium,AK Chaudhary,C Shamshuddin,
5,2017,Bangalore,2017-04-08,Royal Challengers Bangalore,Delhi Daredevils,Royal Challengers Bangalore,bat,normal,0,Royal Challengers Bangalore,15,0,KM Jadhav,M Chinnaswamy Stadium,,,
6,2017,Hyderabad,2017-04-09,Gujarat Lions,Sunrisers Hyderabad,Sunrisers Hyderabad,field,normal,0,Sunrisers Hyderabad,0,9,Rashid Khan,"Rajiv Gandhi International Stadium, Uppal",A Deshmukh,NJ Llong,
7,2017,Mumbai,2017-04-09,Kolkata Knight Riders,Mumbai Indians,Mumbai Indians,field,normal,0,Mumbai Indians,0,4,N Rana,Wankhede Stadium,Nitin Menon,CK Nandan,
10,2017,Mumbai,2017-04-12,Sunrisers Hyderabad,Mumbai Indians,Mumbai Indians,field,normal,0,Mumbai Indians,0,4,JJ Bumrah,Wankhede Stadium,Nitin Menon,CK Nandan,
11,2017,Kolkata,2017-04-13,Kings XI Punjab,Kolkata Knight Riders,Kolkata Knight Riders,field,normal,0,Kolkata Knight Riders,0,8,SP Narine,Eden Gardens,A Deshmukh,NJ Llong,
12,2017,Bangalore,2017-04-14,Royal Challengers Bangalore,Mumbai Indians,Mumbai Indians,field,normal,0,Mumbai Indians,0,4,KA Pollard,M Chinnaswamy Stadium,KN Ananthapadmanabhan,AK Chaudhary,
13,2017,Rajkot,2017-04-14,Rising Pune Supergiants,Gujarat Lions,Gujarat Lions,field,normal,0,Gujarat Lions,0,7,AJ Tye,Saurashtra Cricket Association Stadium,A Nand Kishore,S Ravi,
15,2017,Delhi,2017-04-15,Delhi Daredevils,Kings XI Punjab,Delhi Daredevils,bat,normal,0,Delhi Daredevils,51,0,CJ Anderson,Feroz Shah Kotla,YC Barde,Nitin Menon,
16,2017,Mumbai,2017-04-16,Gujarat Lions,Mumbai Indians,Mumbai Indians,field,normal,0,Mumbai Indians,0,6,N Rana,Wankhede Stadium,A Nand Kishore,S Ravi,
21,2017,Hyderabad,2017-04-19,Sunrisers Hyderabad,Delhi Daredevils,Sunrisers Hyderabad,bat,normal,0,Sunrisers Hyderabad,15,0,KS Williamson,"Rajiv Gandhi International Stadium, Uppal",CB Gaffaney,NJ Llong,
22,2017,Indore,2017-04-20,Kings XI Punjab,Mumbai Indians,Mumbai Indians,field,normal,0,Mumbai Indians,0,8,JC Buttler,Holkar Cricket Stadium,M Erasmus,C Shamshuddin,
23,2017,Kolkata,2017-04-21,Kolkata Knight Riders,Gujarat Lions,Gujarat Lions,field,normal,0,Gujarat Lions,0,4,SK Raina,Eden Gardens,CB Gaffaney,Nitin Menon,
25,2017,Pune,2017-04-22,Sunrisers Hyderabad,Rising Pune Supergiants,Rising Pune Supergiants,field,normal,0,Rising Pune Supergiants,0,6,MS Dhoni,Maharashtra Cricket Association Stadium,AY Dandekar,A Deshmukh,
29,2017,Pune,2017-04-26,Rising Pune Supergiants,Kolkata Knight Riders,Kolkata Knight Riders,field,normal,0,Kolkata Knight Riders,0,7,RV Uthappa,Maharashtra Cricket Association Stadium,AY Dandekar,NJ Llong,
30,2017,Bangalore,2017-04-27,Royal Challengers Bangalore,Gujarat Lions,Gujarat Lions,field,normal,0,Gujarat Lions,0,7,AJ Tye,M Chinnaswamy Stadium,AK Chaudhary,C Shamshuddin,
31,2017,Kolkata,2017-04-28,Delhi Daredevils,Kolkata Knight Riders,Kolkata Knight Riders,field,normal,0,Kolkata Knight Riders,0,7,G Gambhir,Eden Gardens,NJ Llong,S Ravi,
35,2017,Chandigarh,2017-04-30,Delhi Daredevils,Kings XI Punjab,Kings XI Punjab,field,normal,0,Kings XI Punjab,0,10,Sandeep Sharma,"Punjab Cricket Association IS Bindra Stadium, Mohali",YC Barde,CK Nandan,
38,2017,Pune,2017-05-01,Gujarat Lions,Rising Pune Supergiants,Rising Pune Supergiants,field,normal,0,Rising Pune Supergiants,0,5,BA Stokes,Maharashtra Cricket Association Stadium,M Erasmus,C Shamshuddin,
39,2017,Delhi,2017-05-02,Sunrisers Hyderabad,Delhi Daredevils,Delhi Daredevils,field,normal,0,Delhi Daredevils,0,6,Mohammed Shami,Feroz Shah Kotla,YC Barde,Nitin Menon,
40,2017,Kolkata,2017-05-03,Kolkata Knight Riders,Rising Pune Supergiants,Rising Pune Supergiants,field,normal,0,Rising Pune Supergiants,0,4,RA Tripathi,Eden Gardens,KN Ananthapadmanabhan,A Nand Kishore,
41,2017,Delhi,2017-05-04,Gujarat Lions,Delhi Daredevils,Delhi Daredevils,field,normal,0,Delhi Daredevils,0,7,RR Pant,Feroz Shah Kotla,M Erasmus,Nitin Menon,
45,2017,Bangalore,2017-05-07,Royal Challengers Bangalore,Kolkata Knight Riders,Kolkata Knight Riders,field,normal,0,Kolkata Knight Riders,0,6,SP Narine,M Chinnaswamy Stadium,AY Dandekar,C Shamshuddin,
46,2017,Chandigarh,2017-05-07,Kings XI Punjab,Gujarat Lions,Gujarat Lions,field,normal,0,Gujarat Lions,0,6,DR Smith,"Punjab Cricket Association IS Bindra Stadium, Mohali",A Nand Kishore,VK Sharma,
49,2017,Kanpur,2017-05-10,Gujarat Lions,Delhi Daredevils,Delhi Daredevils,field,normal,0,Delhi Daredevils,0,2,SS Iyer,Green Park,YC Barde,AK Chaudhary,
51,2017,Delhi,2017-05-12,Delhi Daredevils,Rising Pune Supergiants,Delhi Daredevils,bat,normal,0,Delhi Daredevils,7,0,KK Nair,Feroz Shah Kotla,KN Ananthapadmanabhan,CK Nandan,
52,2017,Kanpur,2017-05-13,Gujarat Lions,Sunrisers Hyderabad,Sunrisers Hyderabad,field,normal,0,Sunrisers Hyderabad,0,8,Mohammed Siraj,Green Park,AK Chaudhary,Nitin Menon,
54,2017,Pune,2017-05-14,Kings XI Punjab,Rising Pune Supergiants,Rising Pune Supergiants,field,normal,0,Rising Pune Supergiants,0,9,JD Unadkat,Maharashtra Cricket Association Stadium,AY Dandekar,A Deshmukh,
55,2017,Delhi,2017-05-14,Royal Challengers Bangalore,Delhi Daredevils,Royal Challengers Bangalore,bat,normal,0,Royal Challengers Bangalore,10,0,HV Patel,Feroz Shah Kotla,CK Nandan,C Shamshuddin,
57,2017,Bangalore,2017-05-17,Sunrisers Hyderabad,Kolkata Knight Riders,Kolkata Knight Riders,field,normal,1,Kolkata Knight Riders,0,7,NM Coulter-Nile,M Chinnaswamy Stadium,AK Chaudhary,Nitin Menon,
58,2017,Bangalore,2017-05-19,Kolkata Knight Riders,Mumbai Indians,Mumbai Indians,field,normal,0,Mumbai Indians,0,6,KV Sharma,M Chinnaswamy Stadium,NJ Llong,Nitin Menon,
59,2017,Hyderabad,2017-05-21,Mumbai Indians,Rising Pune Supergiants,Mumbai Indians,bat,normal,0,Mumbai Indians,1,0,KH Pandya,"Rajiv Gandhi International Stadium, Uppal",NJ Llong,S Ravi,
61,2008,Chandigarh,2008-04-19,Chennai Super Kings,Kings XI Punjab,Chennai Super Kings,bat,normal,0,Chennai Super Kings,33,0,MEK Hussey,"Punjab Cricket Association Stadium, Mohali",MR Benson,SL Shastri,
68,2008,Hyderabad,2008-04-24,Deccan Chargers,Rajasthan Royals,Rajasthan Royals,field,normal,0,Rajasthan Royals,0,3,YK Pathan,"Rajiv Gandhi International Stadium, Uppal",Asad Rauf,MR Benson,
70,2008,Bangalore,2008-04-26,Royal Challengers Bangalore,Rajasthan Royals,Rajasthan Royals,field,normal,0,Rajasthan Royals,0,7,SR Watson,M Chinnaswamy Stadium,MR Benson,IL Howell,
72,2008,Mumbai,2008-04-27,Mumbai Indians,Deccan Chargers,Deccan Chargers,field,normal,0,Deccan Chargers,0,10,AC Gilchrist,Dr DY Patil Sports Academy,Asad Rauf,SL Shastri,
74,2008,Bangalore,2008-04-28,Chennai Super Kings,Royal Challengers Bangalore,Chennai Super Kings,bat,normal,0,Chennai Super Kings,13,0,MS Dhoni,M Chinnaswamy Stadium,BR Doctrove,RB Tiffin,
77,2008,Hyderabad,2008-05-01,Deccan Chargers,Kings XI Punjab,Kings XI Punjab,field,normal,0,Kings XI Punjab,0,7,SE Marsh,"Rajiv Gandhi International Stadium, Uppal",BR Doctrove,RB Tiffin,
78,2008,Jaipur,2008-05-01,Rajasthan Royals,Kolkata Knight Riders,Rajasthan Royals,bat,normal,0,Rajasthan Royals,45,0,SA Asnodkar,Sawai Mansingh Stadium,RE Koertzen,GA Pratapkumar,
81,2008,Chandigarh,2008-05-03,Kings XI Punjab,Kolkata Knight Riders,Kings XI Punjab,bat,normal,0,Kings XI Punjab,9,0,IK Pathan,"Punjab Cricket Association Stadium, Mohali",DJ Harper,I Shivram,
84,2008,Bangalore,2008-05-05,Royal Challengers Bangalore,Kings XI Punjab,Kings XI Punjab,field,normal,0,Kings XI Punjab,0,6,S Sreesanth,M Chinnaswamy Stadium,SJ Davis,BR Doctrove,
85,2008,Chennai,2008-05-06,Chennai Super Kings,Deccan Chargers,Deccan Chargers,field,normal,0,Deccan Chargers,0,7,AC Gilchrist,"MA Chidambaram Stadium, Chepauk",MR Benson,RB Tiffin,
86,2008,Mumbai,2008-05-07,Rajasthan Royals,Mumbai Indians,Mumbai Indians,field,normal,0,Mumbai Indians,0,7,A Nehra,Dr DY Patil Sports Academy,DJ Harper,RE Koertzen,
87,2008,Delhi,2008-05-08,Delhi Daredevils,Chennai Super Kings,Chennai Super Kings,field,normal,0,Chennai Super Kings,0,4,MS Dhoni,Feroz Shah Kotla,Aleem Dar,RB Tiffin,
88,2008,Kolkata,2008-05-08,Kolkata Knight Riders,Royal Challengers Bangalore,Kolkata Knight Riders,bat,normal,0,Kolkata Knight Riders,5,0,SC Ganguly,Eden Gardens,Asad Rauf,IL Howell,
89,2008,Jaipur,2008-05-09,Deccan Chargers,Rajasthan Royals,Rajasthan Royals,field,normal,0,Rajasthan Royals,0,8,YK Pathan,Sawai Mansingh Stadium,MR Benson,AM Saheba,
90,2008,Bangalore,2008-05-28,Royal Challengers Bangalore,Mumbai Indians,Mumbai Indians,field,normal,0,Mumbai Indians,0,9,CRD Fernando,M Chinnaswamy Stadium,BF Bowden,AV Jayaprakash,
92,2008,Hyderabad,2008-05-11,Kolkata Knight Riders,Deccan Chargers,Kolkata Knight Riders,bat,normal,0,Kolkata Knight Riders,23,0,SC Ganguly,"Rajiv Gandhi International Stadium, Uppal",IL Howell,AM Saheba,
93,2008,Jaipur,2008-05-11,Delhi Daredevils,Rajasthan Royals,Rajasthan Royals,field,normal,0,Rajasthan Royals,0,3,SR Watson,Sawai Mansingh Stadium,SJ Davis,RE Koertzen,
95,2008,Kolkata,2008-05-13,Kolkata Knight Riders,Delhi Daredevils,Kolkata Knight Riders,bat,normal,0,Kolkata Knight Riders,23,0,Shoaib Akhtar,Eden Gardens,Asad Rauf,IL Howell,
96,2008,Mumbai,2008-05-14,Chennai Super Kings,Mumbai Indians,Mumbai Indians,field,normal,0,Mumbai Indians,0,9,ST Jayasuriya,Wankhede Stadium,BR Doctrove,AM Saheba,
99,2008,Mumbai,2008-05-16,Kolkata Knight Riders,Mumbai Indians,Mumbai Indians,field,normal,0,Mumbai Indians,0,8,SM Pollock,Wankhede Stadium,BR Doctrove,DJ Harper,
104,2008,Bangalore,2008-05-19,Royal Challengers Bangalore,Delhi Daredevils,Delhi Daredevils,field,normal,0,Delhi Daredevils,0,5,SP Goswami,M Chinnaswamy Stadium,SJ Davis,GA Pratapkumar,
105,2008,Kolkata,2008-05-20,Kolkata Knight Riders,Rajasthan Royals,Rajasthan Royals,field,normal,0,Rajasthan Royals,0,6,YK Pathan,Eden Gardens,BG Jerling,RE Koertzen,
107,2008,Chennai,2008-05-21,Royal Challengers Bangalore,Chennai Super Kings,Royal Challengers Bangalore,bat,normal,0,Royal Challengers Bangalore,14,0,A Kumble,"MA Chidambaram Stadium, Chepauk",DJ Harper,I Shivram,
108,2008,Chandigarh,2008-05-23,Deccan Chargers,Kings XI Punjab,Kings XI Punjab,field,normal,0,Kings XI Punjab,0,6,SE Marsh,"Punjab Cricket Association Stadium, Mohali",Asad Rauf,SJ Davis,
109,2008,Delhi,2008-05-24,Mumbai Indians,Delhi Daredevils,Delhi Daredevils,field,normal,0,Delhi Daredevils,0,5,KD Karthik,Feroz Shah Kotla,BF Bowden,K Hariharan,
110,2008,Chennai,2008-05-24,Rajasthan Royals,Chennai Super Kings,Rajasthan Royals,bat,normal,0,Rajasthan Royals,10,0,JA Morkel,"MA Chidambaram Stadium, Chepauk",DJ Harper,SL Shastri,
113,2008,Jaipur,2008-05-26,Mumbai Indians,Rajasthan Royals,Rajasthan Royals,field,normal,0,Rajasthan Royals,0,5,Sohail Tanvir,Sawai Mansingh Stadium,BF Bowden,K Hariharan,
117,2008,Mumbai,2008-06-01,Chennai Super Kings,Rajasthan Royals,Rajasthan Royals,field,normal,0,Rajasthan Royals,0,3,YK Pathan,Dr DY Patil Sports Academy,BF Bowden,RE Koertzen,
119,2009,Cape Town,2009-04-18,Royal Challengers Bangalore,Rajasthan Royals,Royal Challengers Bangalore,bat,normal,0,Royal Challengers Bangalore,75,0,R Dravid,Newlands,BR Doctrove,RB Tiffin,
120,2009,Cape Town,2009-04-19,Kings XI Punjab,Delhi Daredevils,Delhi Daredevils,field,normal,1,Delhi Daredevils,0,10,DL Vettori,Newlands,MR Benson,SD Ranade,
122,2009,Port Elizabeth,2009-04-20,Chennai Super Kings,Royal Challengers Bangalore,Chennai Super Kings,bat,normal,0,Chennai Super Kings,92,0,M Muralitharan,St George's Park,BG Jerling,SJA Taufel,
123,2009,Durban,2009-04-21,Kings XI Punjab,Kolkata Knight Riders,Kolkata Knight Riders,field,normal,1,Kolkata Knight Riders,11,0,CH Gayle,Kingsmead,DJ Harper,SD Ranade,
124,2009,Cape Town,2009-04-22,Deccan Chargers,Royal Challengers Bangalore,Deccan Chargers,bat,normal,0,Deccan Chargers,24,0,AC Gilchrist,Newlands,M Erasmus,AM Saheba,
125,2009,Durban,2009-04-23,Delhi Daredevils,Chennai Super Kings,Delhi Daredevils,bat,normal,0,Delhi Daredevils,9,0,AB de Villiers,Kingsmead,BR Doctrove,SJA Taufel,
128,2009,Durban,2009-04-25,Deccan Chargers,Mumbai Indians,Deccan Chargers,bat,normal,0,Deccan Chargers,12,0,PP Ojha,Kingsmead,HDPK Dharmasena,SJA Taufel,
130,2009,Cape Town,2009-04-26,Kings XI Punjab,Rajasthan Royals,Kings XI Punjab,bat,normal,0,Kings XI Punjab,27,0,KC Sangakkara,Newlands,M Erasmus,K Hariharan,
131,2009,Durban,2009-04-27,Chennai Super Kings,Deccan Chargers,Deccan Chargers,field,normal,0,Deccan Chargers,0,6,HH Gibbs,Kingsmead,IL Howell,TH Wijewardene,
132,2009,Port Elizabeth,2009-04-27,Mumbai Indians,Kolkata Knight Riders,Mumbai Indians,bat,normal,0,Mumbai Indians,92,0,SR Tendulkar,St George's Park,BG Jerling,RB Tiffin,
135,2009,Durban,2009-04-29,Kings XI Punjab,Mumbai Indians,Kings XI Punjab,bat,normal,0,Kings XI Punjab,3,0,KC Sangakkara,Kingsmead,MR Benson,SL Shastri,
136,2009,Centurion,2009-04-30,Deccan Chargers,Delhi Daredevils,Delhi Daredevils,field,normal,0,Delhi Daredevils,0,6,DP Nannes,SuperSport Park,GAV Baxter,AM Saheba,
138,2009,East London,2009-05-01,Mumbai Indians,Kolkata Knight Riders,Mumbai Indians,bat,normal,0,Mumbai Indians,9,0,JP Duminy,Buffalo Park,M Erasmus,SK Tarapore,
139,2009,Durban,2009-05-01,Royal Challengers Bangalore,Kings XI Punjab,Royal Challengers Bangalore,bat,normal,0,Royal Challengers Bangalore,8,0,Yuvraj Singh,Kingsmead,HDPK Dharmasena,S Ravi,
144,2009,East London,2009-05-04,Chennai Super Kings,Deccan Chargers,Chennai Super Kings,bat,normal,0,Chennai Super Kings,78,0,MS Dhoni,Buffalo Park,BR Doctrove,M Erasmus,
147,2009,Centurion,2009-05-06,Deccan Chargers,Mumbai Indians,Deccan Chargers,bat,normal,0,Deccan Chargers,19,0,RG Sharma,SuperSport Park,MR Benson,HDPK Dharmasena,
148,2009,Centurion,2009-05-07,Royal Challengers Bangalore,Rajasthan Royals,Rajasthan Royals,field,normal,0,Rajasthan Royals,0,7,A Singh,SuperSport Park,K Hariharan,DJ Harper,
149,2009,Centurion,2009-05-07,Chennai Super Kings,Kings XI Punjab,Chennai Super Kings,bat,normal,1,Chennai Super Kings,12,0,ML Hayden,SuperSport Park,DJ Harper,TH Wijewardene,
151,2009,Kimberley,2009-05-09,Deccan Chargers,Kings XI Punjab,Kings XI Punjab,field,normal,0,Kings XI Punjab,0,3,DPMD Jayawardene,De Beers Diamond Oval,GAV Baxter,AM Saheba,
153,2009,Port Elizabeth,2009-05-10,Mumbai Indians,Royal Challengers Bangalore,Mumbai Indians,bat,normal,0,Mumbai Indians,16,0,JP Duminy,St George's Park,BR Doctrove,BG Jerling,
154,2009,Johannesburg,2009-05-10,Kolkata Knight Riders,Delhi Daredevils,Delhi Daredevils,field,normal,0,Delhi Daredevils,0,7,A Mishra,New Wanderers Stadium,SL Shastri,RB Tiffin,
155,2009,Kimberley,2009-05-11,Deccan Chargers,Rajasthan Royals,Deccan Chargers,bat,normal,0,Deccan Chargers,53,0,DR Smith,De Beers Diamond Oval,GAV Baxter,HDPK Dharmasena,
156,2009,Centurion,2009-05-12,Kolkata Knight Riders,Royal Challengers Bangalore,Royal Challengers Bangalore,field,normal,0,Royal Challengers Bangalore,0,6,LRPL Taylor,SuperSport Park,M Erasmus,SS Hazare,
160,2009,Durban,2009-05-14,Rajasthan Royals,Mumbai Indians,Rajasthan Royals,bat,normal,0,Rajasthan Royals,2,0,SK Warne,Kingsmead,BR Doctrove,DJ Harper,
161,2009,Bloemfontein,2009-05-15,Delhi Daredevils,Kings XI Punjab,Kings XI Punjab,field,normal,0,Kings XI Punjab,0,6,B Lee,OUTsurance Oval,HDPK Dharmasena,IL Howell,
163,2009,Johannesburg,2009-05-16,Kolkata Knight Riders,Deccan Chargers,Deccan Chargers,field,normal,0,Deccan Chargers,0,6,RG Sharma,New Wanderers Stadium,RE Koertzen,S Ravi,
165,2009,Bloemfontein,2009-05-17,Delhi Daredevils,Rajasthan Royals,Delhi Daredevils,bat,normal,0,Delhi Daredevils,14,0,AB de Villiers,OUTsurance Oval,SS Hazare,IL Howell,
168,2009,Durban,2009-05-20,Rajasthan Royals,Kolkata Knight Riders,Kolkata Knight Riders,field,normal,0,Kolkata Knight Riders,0,4,LR Shukla,Kingsmead,BG Jerling,SJA Taufel,
169,2009,Durban,2009-05-20,Chennai Super Kings,Kings XI Punjab,Chennai Super Kings,bat,normal,0,Chennai Super Kings,24,0,M Muralitharan,Kingsmead,BG Jerling,SJA Taufel,
170,2009,Centurion,2009-05-21,Mumbai Indians,Delhi Daredevils,Delhi Daredevils,field,normal,0,Delhi Daredevils,0,4,V Sehwag,SuperSport Park,IL Howell,S Ravi,
171,2009,Centurion,2009-05-21,Royal Challengers Bangalore,Deccan Chargers,Royal Challengers Bangalore,bat,normal,0,Royal Challengers Bangalore,12,0,MK Pandey,SuperSport Park,IL Howell,S Ravi,
172,2009,Centurion,2009-05-22,Delhi Daredevils,Deccan Chargers,Deccan Chargers,field,normal,0,Deccan Chargers,0,6,AC Gilchrist,SuperSport Park,BR Doctrove,DJ Harper,
173,2009,Johannesburg,2009-05-23,Chennai Super Kings,Royal Challengers Bangalore,Royal Challengers Bangalore,field,normal,0,Royal Challengers Bangalore,0,6,MK Pandey,New Wanderers Stadium,RE Koertzen,SJA Taufel,
176,2010,Mumbai,2010-03-13,Mumbai Indians,Rajasthan Royals,Mumbai Indians,bat,normal,0,Mumbai Indians,4,0,YK Pathan,Brabourne Stadium,RE Koertzen,RB Tiffin,
177,2010,Chandigarh,2010-03-13,Kings XI Punjab,Delhi Daredevils,Delhi Daredevils,field,normal,0,Delhi Daredevils,0,5,G Gambhir,"Punjab Cricket Association Stadium, Mohali",BR Doctrove,S Ravi,
178,2010,Kolkata,2010-03-14,Royal Challengers Bangalore,Kolkata Knight Riders,Kolkata Knight Riders,field,normal,0,Kolkata Knight Riders,0,7,MK Tiwary,Eden Gardens,HDPK Dharmasena,AM Saheba,
179,2010,Chennai,2010-03-14,Deccan Chargers,Chennai Super Kings,Deccan Chargers,bat,normal,0,Deccan Chargers,31,0,WPUJC Vaas,"MA Chidambaram Stadium, Chepauk",K Hariharan,DJ Harper,
180,2010,Ahmedabad,2010-03-15,Rajasthan Royals,Delhi Daredevils,Delhi Daredevils,field,normal,0,Delhi Daredevils,0,6,V Sehwag,"Sardar Patel Stadium, Motera",BG Jerling,RE Koertzen,
182,2010,Kolkata,2010-03-16,Chennai Super Kings,Kolkata Knight Riders,Chennai Super Kings,bat,normal,0,Chennai Super Kings,55,0,MS Dhoni,Eden Gardens,HDPK Dharmasena,AM Saheba,
184,2010,Bangalore,2010-03-18,Rajasthan Royals,Royal Challengers Bangalore,Royal Challengers Bangalore,field,normal,0,Royal Challengers Bangalore,0,10,JH Kallis,M Chinnaswamy Stadium,K Hariharan,DJ Harper,
187,2010,Ahmedabad,2010-03-20,Rajasthan Royals,Kolkata Knight Riders,Rajasthan Royals,bat,normal,0,Rajasthan Royals,34,0,AA Jhunjhunwala,"Sardar Patel Stadium, Motera",RE Koertzen,RB Tiffin,
189,2010,Cuttack,2010-03-21,Deccan Chargers,Delhi Daredevils,Deccan Chargers,bat,normal,0,Deccan Chargers,10,0,A Symonds,Barabati Stadium,BF Bowden,M Erasmus,
194,2010,Mumbai,2010-03-25,Chennai Super Kings,Mumbai Indians,Mumbai Indians,field,normal,0,Mumbai Indians,0,5,SR Tendulkar,Brabourne Stadium,BF Bowden,AM Saheba,
196,2010,Chandigarh,2010-03-27,Kolkata Knight Riders,Kings XI Punjab,Kolkata Knight Riders,bat,normal,0,Kolkata Knight Riders,39,0,MK Tiwary,"Punjab Cricket Association Stadium, Mohali",BR Doctrove,S Ravi,
198,2010,Ahmedabad,2010-03-28,Rajasthan Royals,Chennai Super Kings,Rajasthan Royals,bat,normal,0,Rajasthan Royals,17,0,NV Ojha,"Sardar Patel Stadium, Motera",SS Hazare,SJA Taufel,
200,2010,Delhi,2010-03-29,Delhi Daredevils,Kolkata Knight Riders,Delhi Daredevils,bat,normal,0,Delhi Daredevils,40,0,DA Warner,Feroz Shah Kotla,SS Hazare,SJA Taufel,
201,2010,Mumbai,2010-03-30,Kings XI Punjab,Mumbai Indians,Mumbai Indians,field,normal,0,Mumbai Indians,0,4,SL Malinga,Brabourne Stadium,BR Doctrove,SK Tarapore,
203,2010,Delhi,2010-03-31,Delhi Daredevils,Rajasthan Royals,Delhi Daredevils,bat,normal,0,Delhi Daredevils,67,0,KD Karthik,Feroz Shah Kotla,HDPK Dharmasena,SJA Taufel,
204,2010,Kolkata,2010-04-01,Kolkata Knight Riders,Deccan Chargers,Kolkata Knight Riders,bat,normal,0,Kolkata Knight Riders,24,0,SC Ganguly,Eden Gardens,K Hariharan,DJ Harper,
206,2010,Chennai,2010-04-03,Chennai Super Kings,Rajasthan Royals,Chennai Super Kings,bat,normal,0,Chennai Super Kings,23,0,M Vijay,"MA Chidambaram Stadium, Chepauk",RE Koertzen,RB Tiffin,
207,2010,Mumbai,2010-04-03,Mumbai Indians,Deccan Chargers,Mumbai Indians,bat,normal,0,Mumbai Indians,63,0,AT Rayudu,Brabourne Stadium,BR Doctrove,S Ravi,
209,2010,Delhi,2010-04-04,Delhi Daredevils,Royal Challengers Bangalore,Delhi Daredevils,bat,normal,0,Delhi Daredevils,37,0,PD Collingwood,Feroz Shah Kotla,BF Bowden,M Erasmus,
210,2010,Nagpur,2010-04-05,Rajasthan Royals,Deccan Chargers,Rajasthan Royals,bat,normal,0,Rajasthan Royals,2,0,SK Warne,"Vidarbha Cricket Association Stadium, Jamtha",HDPK Dharmasena,SJA Taufel,
211,2010,Chennai,2010-04-06,Chennai Super Kings,Mumbai Indians,Chennai Super Kings,bat,normal,0,Chennai Super Kings,24,0,SK Raina,"MA Chidambaram Stadium, Chepauk",S Asnani,DJ Harper,
213,2010,Kolkata,2010-04-07,Kolkata Knight Riders,Delhi Daredevils,Kolkata Knight Riders,bat,normal,0,Kolkata Knight Riders,14,0,SC Ganguly,Eden Gardens,BG Jerling,RE Koertzen,
214,2010,Bangalore,2010-04-08,Royal Challengers Bangalore,Deccan Chargers,Deccan Chargers,field,normal,0,Deccan Chargers,0,7,TL Suman,M Chinnaswamy Stadium,S Asnani,DJ Harper,
217,2010,Bangalore,2010-04-10,Kolkata Knight Riders,Royal Challengers Bangalore,Royal Challengers Bangalore,field,normal,0,Royal Challengers Bangalore,0,7,R Vinay Kumar,M Chinnaswamy Stadium,K Hariharan,DJ Harper,
221,2010,Mumbai,2010-04-13,Mumbai Indians,Delhi Daredevils,Mumbai Indians,bat,normal,0,Mumbai Indians,39,0,KA Pollard,Brabourne Stadium,S Asnani,DJ Harper,
225,2010,Dharamsala,2010-04-16,Kings XI Punjab,Deccan Chargers,Deccan Chargers,field,normal,0,Deccan Chargers,0,5,RG Sharma,Himachal Pradesh Cricket Association Stadium,M Erasmus,AM Saheba,
228,2010,Dharamsala,2010-04-18,Kings XI Punjab,Chennai Super Kings,Chennai Super Kings,field,normal,0,Chennai Super Kings,0,6,MS Dhoni,Himachal Pradesh Cricket Association Stadium,BF Bowden,AM Saheba,
229,2010,Delhi,2010-04-18,Deccan Chargers,Delhi Daredevils,Deccan Chargers,bat,normal,0,Deccan Chargers,11,0,A Symonds,Feroz Shah Kotla,BR Doctrove,SK Tarapore,
231,2010,Mumbai,2010-04-21,Mumbai Indians,Royal Challengers Bangalore,Mumbai Indians,bat,normal,0,Mumbai Indians,35,0,KA Pollard,Dr DY Patil Sports Academy,BR Doctrove,RB Tiffin,
232,2010,Mumbai,2010-04-22,Chennai Super Kings,Deccan Chargers,Chennai Super Kings,bat,normal,0,Chennai Super Kings,38,0,DE Bollinger,Dr DY Patil Sports Academy,BR Doctrove,RB Tiffin,
234,2010,Mumbai,2010-04-25,Chennai Super Kings,Mumbai Indians,Chennai Super Kings,bat,normal,0,Chennai Super Kings,22,0,SK Raina,Dr DY Patil Sports Academy,RE Koertzen,SJA Taufel,
235,2011,Chennai,2011-04-08,Chennai Super Kings,Kolkata Knight Riders,Chennai Super Kings,bat,normal,0,Chennai Super Kings,2,0,S Anirudha,"MA Chidambaram Stadium, Chepauk",BR Doctrove,PR Reiffel,
236,2011,Hyderabad,2011-04-09,Deccan Chargers,Rajasthan Royals,Rajasthan Royals,field,normal,0,Rajasthan Royals,0,8,SK Trivedi,"Rajiv Gandhi International Stadium, Uppal",RE Koertzen,SK Tarapore,
240,2011,Kolkata,2011-04-11,Kolkata Knight Riders,Deccan Chargers,Kolkata Knight Riders,bat,normal,0,Kolkata Knight Riders,9,0,JH Kallis,Eden Gardens,RE Koertzen,SK Tarapore,
242,2011,Bangalore,2011-04-12,Royal Challengers Bangalore,Mumbai Indians,Mumbai Indians,field,normal,0,Mumbai Indians,0,9,SR Tendulkar,M Chinnaswamy Stadium,HDPK Dharmasena,AL Hill,
243,2011,Chandigarh,2011-04-13,Chennai Super Kings,Kings XI Punjab,Kings XI Punjab,field,normal,0,Kings XI Punjab,0,6,PC Valthaty,"Punjab Cricket Association Stadium, Mohali",Asad Rauf,SL Shastri,
246,2011,Jaipur,2011-04-15,Rajasthan Royals,Kolkata Knight Riders,Kolkata Knight Riders,field,normal,0,Kolkata Knight Riders,0,9,G Gambhir,Sawai Mansingh Stadium,Aleem Dar,SS Hazare,
247,2011,Mumbai,2011-04-15,Mumbai Indians,Kochi Tuskers Kerala,Kochi Tuskers Kerala,field,normal,0,Kochi Tuskers Kerala,0,8,BB McCullum,Wankhede Stadium,BR Doctrove,PR Reiffel,
248,2011,Chennai,2011-04-16,Chennai Super Kings,Royal Challengers Bangalore,Chennai Super Kings,bat,normal,0,Chennai Super Kings,21,0,MEK Hussey,"MA Chidambaram Stadium, Chepauk",HDPK Dharmasena,AL Hill,
249,2011,Hyderabad,2011-04-16,Deccan Chargers,Kings XI Punjab,Kings XI Punjab,field,normal,0,Kings XI Punjab,0,8,PC Valthaty,"Rajiv Gandhi International Stadium, Uppal",RE Koertzen,S Ravi,
250,2011,Mumbai,2011-04-17,Pune Warriors,Delhi Daredevils,Delhi Daredevils,field,normal,0,Delhi Daredevils,0,3,Yuvraj Singh,Dr DY Patil Sports Academy,Asad Rauf,AM Saheba,
251,2011,Kolkata,2011-04-17,Rajasthan Royals,Kolkata Knight Riders,Kolkata Knight Riders,field,normal,0,Kolkata Knight Riders,0,8,L Balaji,Eden Gardens,Aleem Dar,RB Tiffin,
252,2011,Kochi,2011-04-18,Chennai Super Kings,Kochi Tuskers Kerala,Kochi Tuskers Kerala,field,normal,1,Kochi Tuskers Kerala,0,7,BB McCullum,Nehru Stadium,K Hariharan,AL Hill,
253,2011,Delhi,2011-04-19,Deccan Chargers,Delhi Daredevils,Deccan Chargers,bat,normal,0,Deccan Chargers,16,0,S Sohal,Feroz Shah Kotla,PR Reiffel,RJ Tucker,
258,2011,Kolkata,2011-04-22,Kolkata Knight Riders,Royal Challengers Bangalore,Royal Challengers Bangalore,field,normal,0,Royal Challengers Bangalore,0,9,CH Gayle,Eden Gardens,SS Hazare,RB Tiffin,
261,2011,Jaipur,2011-04-24,Kochi Tuskers Kerala,Rajasthan Royals,Rajasthan Royals,field,normal,0,Rajasthan Royals,0,8,SK Warne,Sawai Mansingh Stadium,BR Doctrove,SK Tarapore,
263,2011,Delhi,2011-04-26,Delhi Daredevils,Royal Challengers Bangalore,Royal Challengers Bangalore,field,normal,0,Royal Challengers Bangalore,0,3,V Kohli,Feroz Shah Kotla,S Asnani,RJ Tucker,
267,2011,Jaipur,2011-04-29,Mumbai Indians,Rajasthan Royals,Rajasthan Royals,field,normal,0,Rajasthan Royals,0,7,J Botha,Sawai Mansingh Stadium,Asad Rauf,SK Tarapore,
269,2011,Kochi,2011-04-30,Delhi Daredevils,Kochi Tuskers Kerala,Delhi Daredevils,bat,normal,0,Delhi Daredevils,38,0,V Sehwag,Nehru Stadium,HDPK Dharmasena,AL Hill,
270,2011,Kolkata,2011-04-30,Kings XI Punjab,Kolkata Knight Riders,Kolkata Knight Riders,field,normal,0,Kolkata Knight Riders,0,8,Iqbal Abdulla,Eden Gardens,AM Saheba,SL Shastri,
271,2011,Jaipur,2011-05-01,Pune Warriors,Rajasthan Royals,Rajasthan Royals,field,normal,0,Rajasthan Royals,0,6,LRPL Taylor,Sawai Mansingh Stadium,SK Tarapore,SJA Taufel,
272,2011,Chennai,2011-05-01,Chennai Super Kings,Deccan Chargers,Chennai Super Kings,bat,normal,0,Chennai Super Kings,19,0,JA Morkel,"MA Chidambaram Stadium, Chepauk",Aleem Dar,RB Tiffin,
274,2011,Delhi,2011-05-02,Delhi Daredevils,Kochi Tuskers Kerala,Kochi Tuskers Kerala,field,normal,0,Kochi Tuskers Kerala,0,7,P Parameswaran,Feroz Shah Kotla,Asad Rauf,SL Shastri,
279,2011,Hyderabad,2011-05-05,Deccan Chargers,Delhi Daredevils,Delhi Daredevils,field,normal,0,Delhi Daredevils,0,4,V Sehwag,"Rajiv Gandhi International Stadium, Uppal",Asad Rauf,AM Saheba,
288,2011,Jaipur,2011-05-11,Rajasthan Royals,Royal Challengers Bangalore,Royal Challengers Bangalore,field,normal,0,Royal Challengers Bangalore,0,9,S Aravind,Sawai Mansingh Stadium,HDPK Dharmasena,K Hariharan,
289,2011,Chennai,2011-05-12,Chennai Super Kings,Delhi Daredevils,Chennai Super Kings,bat,normal,0,Chennai Super Kings,18,0,MS Dhoni,"MA Chidambaram Stadium, Chepauk",AM Saheba,SL Shastri,
290,2011,Indore,2011-05-13,Kochi Tuskers Kerala,Kings XI Punjab,Kings XI Punjab,field,normal,0,Kings XI Punjab,0,6,KD Karthik,Holkar Cricket Stadium,S Asnani,RJ Tucker,
291,2011,Bangalore,2011-05-14,Kolkata Knight Riders,Royal Challengers Bangalore,Royal Challengers Bangalore,field,normal,1,Royal Challengers Bangalore,0,4,CH Gayle,M Chinnaswamy Stadium,RE Koertzen,RB Tiffin,
292,2011,Mumbai,2011-05-14,Deccan Chargers,Mumbai Indians,Deccan Chargers,bat,normal,0,Deccan Chargers,10,0,A Mishra,Wankhede Stadium,S Ravi,SK Tarapore,
294,2011,Indore,2011-05-15,Rajasthan Royals,Kochi Tuskers Kerala,Kochi Tuskers Kerala,field,normal,0,Kochi Tuskers Kerala,0,8,BJ Hodge,Holkar Cricket Stadium,PR Reiffel,RJ Tucker,
295,2011,Mumbai,2011-05-16,Pune Warriors,Deccan Chargers,Deccan Chargers,field,normal,0,Deccan Chargers,0,6,A Mishra,Dr DY Patil Sports Academy,S Ravi,SK Tarapore,
296,2011,Dharamsala,2011-05-17,Kings XI Punjab,Royal Challengers Bangalore,Kings XI Punjab,bat,normal,0,Kings XI Punjab,111,0,AC Gilchrist,Himachal Pradesh Cricket Association Stadium,Asad Rauf,AM Saheba,
297,2011,Chennai,2011-05-18,Chennai Super Kings,Kochi Tuskers Kerala,Chennai Super Kings,bat,normal,0,Chennai Super Kings,11,0,WP Saha,"MA Chidambaram Stadium, Chepauk",HDPK Dharmasena,RE Koertzen,
298,2011,Mumbai,2011-05-19,Pune Warriors,Kolkata Knight Riders,Kolkata Knight Riders,field,normal,0,Kolkata Knight Riders,0,7,YK Pathan,Dr DY Patil Sports Academy,S Ravi,SJA Taufel,
302,2011,Bangalore,2011-05-22,Chennai Super Kings,Royal Challengers Bangalore,Royal Challengers Bangalore,field,normal,0,Royal Challengers Bangalore,0,8,CH Gayle,M Chinnaswamy Stadium,K Hariharan,RE Koertzen,
303,2011,Kolkata,2011-05-22,Kolkata Knight Riders,Mumbai Indians,Mumbai Indians,field,normal,0,Mumbai Indians,0,5,JEC Franklin,Eden Gardens,SK Tarapore,SJA Taufel,
304,2011,Mumbai,2011-05-24,Royal Challengers Bangalore,Chennai Super Kings,Chennai Super Kings,field,normal,0,Chennai Super Kings,0,6,SK Raina,Wankhede Stadium,Asad Rauf,SJA Taufel,
305,2011,Mumbai,2011-05-25,Kolkata Knight Riders,Mumbai Indians,Mumbai Indians,field,normal,0,Mumbai Indians,0,4,MM Patel,Wankhede Stadium,Asad Rauf,SJA Taufel,
307,2011,Chennai,2011-05-28,Chennai Super Kings,Royal Challengers Bangalore,Chennai Super Kings,bat,normal,0,Chennai Super Kings,58,0,M Vijay,"MA Chidambaram Stadium, Chepauk",Asad Rauf,SJA Taufel,
308,2012,Chennai,2012-04-04,Chennai Super Kings,Mumbai Indians,Mumbai Indians,field,normal,0,Mumbai Indians,0,8,RE Levi,"MA Chidambaram Stadium, Chepauk",JD Cloete,SJA Taufel,
309,2012,Kolkata,2012-04-05,Kolkata Knight Riders,Delhi Daredevils,Delhi Daredevils,field,normal,0,Delhi Daredevils,0,8,IK Pathan,Eden Gardens,S Asnani,HDPK Dharmasena,
315,2012,Pune,2012-04-08,Pune Warriors,Kings XI Punjab,Pune Warriors,bat,normal,0,Pune Warriors,22,0,MN Samuels,Subrata Roy Sahara Stadium,S Das,SJA Taufel,
318,2012,Delhi,2012-04-10,Chennai Super Kings,Delhi Daredevils,Delhi Daredevils,field,normal,0,Delhi Daredevils,0,8,M Morkel,Feroz Shah Kotla,Asad Rauf,SK Tarapore,
321,2012,Chandigarh,2012-04-12,Pune Warriors,Kings XI Punjab,Kings XI Punjab,field,normal,0,Kings XI Punjab,0,7,AD Mascarenhas,"Punjab Cricket Association Stadium, Mohali",VA Kulkarni,SK Tarapore,
326,2012,Bangalore,2012-04-15,Rajasthan Royals,Royal Challengers Bangalore,Rajasthan Royals,bat,normal,0,Rajasthan Royals,59,0,AM Rahane,M Chinnaswamy Stadium,JD Cloete,RJ Tucker,
327,2012,Mumbai,2012-04-16,Mumbai Indians,Delhi Daredevils,Delhi Daredevils,field,normal,0,Delhi Daredevils,0,7,S Nadeem,Wankhede Stadium,BF Bowden,SK Tarapore,
333,2012,Chandigarh,2012-04-20,Kings XI Punjab,Royal Challengers Bangalore,Royal Challengers Bangalore,field,normal,0,Royal Challengers Bangalore,0,5,CH Gayle,"Punjab Cricket Association Stadium, Mohali",S Ravi,RJ Tucker,
337,2012,Cuttack,2012-04-22,Deccan Chargers,Kolkata Knight Riders,Kolkata Knight Riders,field,normal,0,Kolkata Knight Riders,0,5,B Lee,Barabati Stadium,BF Bowden,SK Tarapore,
341,2012,Pune,2012-04-26,Deccan Chargers,Pune Warriors,Deccan Chargers,bat,normal,0,Deccan Chargers,18,0,CL White,Subrata Roy Sahara Stadium,S Ravi,RJ Tucker,
343,2012,Chennai,2012-04-28,Kings XI Punjab,Chennai Super Kings,Kings XI Punjab,bat,normal,0,Kings XI Punjab,7,0,Mandeep Singh,"MA Chidambaram Stadium, Chepauk",BF Bowden,SK Tarapore,
344,2012,Kolkata,2012-04-28,Kolkata Knight Riders,Royal Challengers Bangalore,Kolkata Knight Riders,bat,normal,0,Kolkata Knight Riders,47,0,G Gambhir,Eden Gardens,Asad Rauf,BR Doctrove,
345,2012,Delhi,2012-04-29,Delhi Daredevils,Rajasthan Royals,Delhi Daredevils,bat,normal,0,Delhi Daredevils,1,0,V Sehwag,Feroz Shah Kotla,S Ravi,RJ Tucker,
346,2012,Mumbai,2012-04-29,Deccan Chargers,Mumbai Indians,Mumbai Indians,field,normal,0,Mumbai Indians,0,5,DW Steyn,Wankhede Stadium,AK Chaudhary,BNJ Oxenford,
348,2012,Cuttack,2012-05-01,Deccan Chargers,Pune Warriors,Deccan Chargers,bat,normal,0,Deccan Chargers,13,0,KC Sangakkara,Barabati Stadium,Aleem Dar,AK Chaudhary,
350,2012,Bangalore,2012-05-02,Royal Challengers Bangalore,Kings XI Punjab,Kings XI Punjab,field,normal,0,Kings XI Punjab,0,4,Azhar Mahmood,M Chinnaswamy Stadium,BF Bowden,C Shamshuddin,
351,2012,Pune,2012-05-03,Mumbai Indians,Pune Warriors,Mumbai Indians,bat,normal,0,Mumbai Indians,1,0,SL Malinga,Subrata Roy Sahara Stadium,Asad Rauf,S Asnani,
352,2012,Chennai,2012-05-04,Chennai Super Kings,Deccan Chargers,Chennai Super Kings,bat,normal,0,Chennai Super Kings,10,0,SK Raina,"MA Chidambaram Stadium, Chepauk",HDPK Dharmasena,BNJ Oxenford,
353,2012,Kolkata,2012-05-05,Kolkata Knight Riders,Pune Warriors,Kolkata Knight Riders,bat,normal,0,Kolkata Knight Riders,7,0,SP Narine,Eden Gardens,BF Bowden,SK Tarapore,
354,2012,Chandigarh,2012-05-05,Rajasthan Royals,Kings XI Punjab,Rajasthan Royals,bat,normal,0,Rajasthan Royals,43,0,SR Watson,"Punjab Cricket Association Stadium, Mohali",JD Cloete,SJA Taufel,
355,2012,Mumbai,2012-05-06,Chennai Super Kings,Mumbai Indians,Mumbai Indians,field,normal,0,Mumbai Indians,0,2,DR Smith,Wankhede Stadium,Asad Rauf,S Asnani,
356,2012,Bangalore,2012-05-06,Deccan Chargers,Royal Challengers Bangalore,Royal Challengers Bangalore,field,normal,0,Royal Challengers Bangalore,0,5,AB de Villiers,M Chinnaswamy Stadium,HDPK Dharmasena,BNJ Oxenford,
360,2012,Mumbai,2012-05-09,Mumbai Indians,Royal Challengers Bangalore,Royal Challengers Bangalore,field,normal,0,Royal Challengers Bangalore,0,9,CH Gayle,Wankhede Stadium,BF Bowden,VA Kulkarni,
361,2012,Jaipur,2012-05-10,Rajasthan Royals,Chennai Super Kings,Chennai Super Kings,field,normal,0,Chennai Super Kings,0,4,BW Hilfenhaus,Sawai Mansingh Stadium,BNJ Oxenford,C Shamshuddin,
363,2012,Kolkata,2012-05-12,Mumbai Indians,Kolkata Knight Riders,Mumbai Indians,bat,normal,0,Mumbai Indians,27,0,RG Sharma,Eden Gardens,S Ravi,SJA Taufel,
364,2012,Chennai,2012-05-12,Delhi Daredevils,Chennai Super Kings,Chennai Super Kings,field,normal,0,Chennai Super Kings,0,9,BW Hilfenhaus,"MA Chidambaram Stadium, Chepauk",S Das,BR Doctrove,
365,2012,Jaipur,2012-05-13,Rajasthan Royals,Pune Warriors,Rajasthan Royals,bat,normal,0,Rajasthan Royals,45,0,A Chandila,Sawai Mansingh Stadium,BF Bowden,SK Tarapore,
367,2012,Bangalore,2012-05-14,Royal Challengers Bangalore,Mumbai Indians,Mumbai Indians,field,normal,0,Mumbai Indians,0,5,AT Rayudu,M Chinnaswamy Stadium,S Das,BR Doctrove,
368,2012,Kolkata,2012-05-14,Kolkata Knight Riders,Chennai Super Kings,Chennai Super Kings,field,normal,0,Chennai Super Kings,0,5,MEK Hussey,Eden Gardens,JD Cloete,SJA Taufel,
371,2012,Dharamsala,2012-05-17,Chennai Super Kings,Kings XI Punjab,Kings XI Punjab,field,normal,0,Kings XI Punjab,0,6,AC Gilchrist,Himachal Pradesh Cricket Association Stadium,VA Kulkarni,SK Tarapore,
374,2012,Dharamsala,2012-05-19,Kings XI Punjab,Delhi Daredevils,Delhi Daredevils,field,normal,0,Delhi Daredevils,0,6,UT Yadav,Himachal Pradesh Cricket Association Stadium,BF Bowden,VA Kulkarni,
375,2012,Pune,2012-05-19,Kolkata Knight Riders,Pune Warriors,Kolkata Knight Riders,bat,normal,0,Kolkata Knight Riders,34,0,Shakib Al Hasan,Subrata Roy Sahara Stadium,S Asnani,BR Doctrove,
378,2012,Pune,2012-05-22,Kolkata Knight Riders,Delhi Daredevils,Kolkata Knight Riders,bat,normal,0,Kolkata Knight Riders,18,0,YK Pathan,Subrata Roy Sahara Stadium,BR Doctrove,SJA Taufel,
382,2013,Kolkata,2013-04-03,Delhi Daredevils,Kolkata Knight Riders,Kolkata Knight Riders,field,normal,0,Kolkata Knight Riders,0,6,SP Narine,Eden Gardens,S Ravi,SJA Taufel,
385,2013,Delhi,2013-04-06,Rajasthan Royals,Delhi Daredevils,Rajasthan Royals,bat,normal,0,Rajasthan Royals,5,0,R Dravid,Feroz Shah Kotla,S Das,C Shamshuddin,
386,2013,Chennai,2013-04-06,Mumbai Indians,Chennai Super Kings,Mumbai Indians,bat,normal,0,Mumbai Indians,9,0,KA Pollard,"MA Chidambaram Stadium, Chepauk",M Erasmus,VA Kulkarni,
390,2013,Mumbai,2013-04-09,Mumbai Indians,Delhi Daredevils,Mumbai Indians,bat,normal,0,Mumbai Indians,44,0,KD Karthik,Wankhede Stadium,M Erasmus,VA Kulkarni,
391,2013,Chandigarh,2013-04-10,Kings XI Punjab,Chennai Super Kings,Chennai Super Kings,field,normal,0,Chennai Super Kings,0,10,MEK Hussey,"Punjab Cricket Association Stadium, Mohali",Aleem Dar,C Shamshuddin,
392,2013,Bangalore,2013-04-11,Kolkata Knight Riders,Royal Challengers Bangalore,Royal Challengers Bangalore,field,normal,0,Royal Challengers Bangalore,0,8,CH Gayle,M Chinnaswamy Stadium,Asad Rauf,AK Chaudhary,
395,2013,Mumbai,2013-04-13,Mumbai Indians,Pune Warriors,Mumbai Indians,bat,normal,0,Mumbai Indians,41,0,RG Sharma,Wankhede Stadium,S Ravi,SJA Taufel,
396,2013,Chennai,2013-04-13,Royal Challengers Bangalore,Chennai Super Kings,Chennai Super Kings,field,normal,0,Chennai Super Kings,0,4,RA Jadeja,"MA Chidambaram Stadium, Chepauk",Asad Rauf,AK Chaudhary,
397,2013,Kolkata,2013-04-14,Kolkata Knight Riders,Sunrisers Hyderabad,Kolkata Knight Riders,bat,normal,0,Kolkata Knight Riders,48,0,G Gambhir,Eden Gardens,M Erasmus,VA Kulkarni,
398,2013,Jaipur,2013-04-14,Kings XI Punjab,Rajasthan Royals,Rajasthan Royals,field,normal,0,Rajasthan Royals,0,6,JP Faulkner,Sawai Mansingh Stadium,Aleem Dar,C Shamshuddin,
399,2013,Chennai,2013-04-15,Pune Warriors,Chennai Super Kings,Pune Warriors,bat,normal,0,Pune Warriors,24,0,SPD Smith,"MA Chidambaram Stadium, Chepauk",Asad Rauf,AK Chaudhary,
401,2013,Bangalore,2013-04-16,Delhi Daredevils,Royal Challengers Bangalore,Royal Challengers Bangalore,field,tie,0,Royal Challengers Bangalore,0,0,V Kohli,M Chinnaswamy Stadium,M Erasmus,VA Kulkarni,
403,2013,Jaipur,2013-04-17,Rajasthan Royals,Mumbai Indians,Rajasthan Royals,bat,normal,0,Rajasthan Royals,87,0,AM Rahane,Sawai Mansingh Stadium,Aleem Dar,C Shamshuddin,
404,2013,Delhi,2013-04-18,Chennai Super Kings,Delhi Daredevils,Chennai Super Kings,bat,normal,0,Chennai Super Kings,86,0,MEK Hussey,Feroz Shah Kotla,M Erasmus,VA Kulkarni,
407,2013,Bangalore,2013-04-20,Rajasthan Royals,Royal Challengers Bangalore,Royal Challengers Bangalore,field,normal,0,Royal Challengers Bangalore,0,7,R Vinay Kumar,M Chinnaswamy Stadium,Aleem Dar,C Shamshuddin,
409,2013,Chandigarh,2013-04-21,Pune Warriors,Kings XI Punjab,Kings XI Punjab,field,normal,0,Kings XI Punjab,0,7,DA Miller,"Punjab Cricket Association Stadium, Mohali",M Erasmus,K Srinath,
417,2013,Mumbai,2013-04-27,Mumbai Indians,Royal Challengers Bangalore,Mumbai Indians,bat,normal,0,Mumbai Indians,58,0,DR Smith,Wankhede Stadium,Asad Rauf,S Asnani,
420,2013,Jaipur,2013-04-29,Royal Challengers Bangalore,Rajasthan Royals,Rajasthan Royals,field,normal,0,Rajasthan Royals,0,4,SV Samson,Sawai Mansingh Stadium,M Erasmus,K Srinath,
421,2013,Mumbai,2013-04-29,Mumbai Indians,Kings XI Punjab,Mumbai Indians,bat,normal,0,Mumbai Indians,4,0,RG Sharma,Wankhede Stadium,Asad Rauf,AK Chaudhary,
422,2013,Pune,2013-04-30,Chennai Super Kings,Pune Warriors,Chennai Super Kings,bat,normal,0,Chennai Super Kings,37,0,MS Dhoni,Subrata Roy Sahara Stadium,S Das,SJA Taufel,
425,2013,Chennai,2013-05-02,Chennai Super Kings,Kings XI Punjab,Chennai Super Kings,bat,normal,0,Chennai Super Kings,15,0,SK Raina,"MA Chidambaram Stadium, Chepauk",M Erasmus,VA Kulkarni,
426,2013,Pune,2013-05-02,Royal Challengers Bangalore,Pune Warriors,Royal Challengers Bangalore,bat,normal,0,Royal Challengers Bangalore,17,0,AB de Villiers,Subrata Roy Sahara Stadium,Aleem Dar,C Shamshuddin,
429,2013,Bangalore,2013-05-14,Royal Challengers Bangalore,Kings XI Punjab,Kings XI Punjab,field,normal,0,Kings XI Punjab,0,7,AC Gilchrist,M Chinnaswamy Stadium,HDPK Dharmasena,S Ravi,
430,2013,Mumbai,2013-05-05,Mumbai Indians,Chennai Super Kings,Mumbai Indians,bat,normal,0,Mumbai Indians,60,0,MG Johnson,Wankhede Stadium,HDPK Dharmasena,CK Nandan,
434,2013,Mumbai,2013-05-07,Mumbai Indians,Kolkata Knight Riders,Mumbai Indians,bat,normal,0,Mumbai Indians,65,0,SR Tendulkar,Wankhede Stadium,HDPK Dharmasena,S Ravi,
436,2013,Chandigarh,2013-05-09,Kings XI Punjab,Rajasthan Royals,Rajasthan Royals,field,normal,0,Rajasthan Royals,0,8,KK Cooper,"Punjab Cricket Association Stadium, Mohali",HDPK Dharmasena,S Ravi,
437,2013,Pune,2013-05-09,Kolkata Knight Riders,Pune Warriors,Kolkata Knight Riders,bat,normal,0,Kolkata Knight Riders,46,0,G Gambhir,Subrata Roy Sahara Stadium,Asad Rauf,S Asnani,
441,2013,Ranchi,2013-05-12,Royal Challengers Bangalore,Kolkata Knight Riders,Kolkata Knight Riders,field,normal,0,Kolkata Knight Riders,0,5,JH Kallis,JSCA International Stadium Complex,NJ Llong,K Srinath,
442,2013,Jaipur,2013-05-12,Chennai Super Kings,Rajasthan Royals,Rajasthan Royals,field,normal,0,Rajasthan Royals,0,5,SR Watson,Sawai Mansingh Stadium,HDPK Dharmasena,CK Nandan,
443,2013,Delhi,2013-04-23,Delhi Daredevils,Kings XI Punjab,Kings XI Punjab,field,normal,0,Kings XI Punjab,0,5,Harmeet Singh,Feroz Shah Kotla,VA Kulkarni,K Srinath,
446,2013,Chennai,2013-05-14,Chennai Super Kings,Delhi Daredevils,Chennai Super Kings,bat,normal,0,Chennai Super Kings,33,0,MS Dhoni,"MA Chidambaram Stadium, Chepauk",C Shamshuddin,RJ Tucker,
448,2013,Chandigarh,2013-05-06,Royal Challengers Bangalore,Kings XI Punjab,Kings XI Punjab,field,normal,0,Kings XI Punjab,0,6,DA Miller,"Punjab Cricket Association Stadium, Mohali",VA Kulkarni,NJ Llong,
449,2013,Hyderabad,2013-05-17,Sunrisers Hyderabad,Rajasthan Royals,Sunrisers Hyderabad,bat,normal,0,Sunrisers Hyderabad,23,0,A Mishra,"Rajiv Gandhi International Stadium, Uppal",Asad Rauf,AK Chaudhary,
451,2013,Pune,2013-05-19,Pune Warriors,Delhi Daredevils,Pune Warriors,bat,normal,0,Pune Warriors,38,0,LJ Wright,Subrata Roy Sahara Stadium,NJ Llong,SJA Taufel,
454,2013,Delhi,2013-05-21,Chennai Super Kings,Mumbai Indians,Chennai Super Kings,bat,normal,0,Chennai Super Kings,48,0,MEK Hussey,Feroz Shah Kotla,NJ Llong,RJ Tucker,
457,2013,Kolkata,2013-05-26,Mumbai Indians,Chennai Super Kings,Mumbai Indians,bat,normal,0,Mumbai Indians,23,0,KA Pollard,Eden Gardens,HDPK Dharmasena,SJA Taufel,
458,2014,Abu Dhabi,2014-04-16,Kolkata Knight Riders,Mumbai Indians,Kolkata Knight Riders,bat,normal,0,Kolkata Knight Riders,41,0,JH Kallis,Sheikh Zayed Stadium,M Erasmus,RK Illingworth,
459,2014,Sharjah,2014-04-17,Delhi Daredevils,Royal Challengers Bangalore,Royal Challengers Bangalore,field,normal,0,Royal Challengers Bangalore,0,8,YS Chahal,Sharjah Cricket Stadium,Aleem Dar,S Ravi,
461,2014,Abu Dhabi,2014-04-18,Sunrisers Hyderabad,Rajasthan Royals,Rajasthan Royals,field,normal,0,Rajasthan Royals,0,4,AM Rahane,Sheikh Zayed Stadium,BF Bowden,RK Illingworth,
462,2014,,2014-04-19,Mumbai Indians,Royal Challengers Bangalore,Royal Challengers Bangalore,field,normal,0,Royal Challengers Bangalore,0,7,PA Patel,Dubai International Cricket Stadium,Aleem Dar,AK Chaudhary,
464,2014,Sharjah,2014-04-20,Rajasthan Royals,Kings XI Punjab,Kings XI Punjab,field,normal,0,Kings XI Punjab,0,7,GJ Maxwell,Sharjah Cricket Stadium,BF Bowden,M Erasmus,
465,2014,Abu Dhabi,2014-04-21,Chennai Super Kings,Delhi Daredevils,Chennai Super Kings,bat,normal,0,Chennai Super Kings,93,0,SK Raina,Sheikh Zayed Stadium,RK Illingworth,C Shamshuddin,
469,2014,,2014-04-25,Sunrisers Hyderabad,Delhi Daredevils,Sunrisers Hyderabad,bat,normal,0,Sunrisers Hyderabad,4,0,AJ Finch,Dubai International Cricket Stadium,M Erasmus,S Ravi,
471,2014,Abu Dhabi,2014-04-26,Royal Challengers Bangalore,Rajasthan Royals,Rajasthan Royals,field,normal,0,Rajasthan Royals,0,6,PV Tambe,Sheikh Zayed Stadium,HDPK Dharmasena,C Shamshuddin,
475,2014,,2014-04-28,Royal Challengers Bangalore,Kings XI Punjab,Kings XI Punjab,field,normal,0,Kings XI Punjab,0,5,Sandeep Sharma,Dubai International Cricket Stadium,BF Bowden,S Ravi,
476,2014,Abu Dhabi,2014-04-29,Rajasthan Royals,Kolkata Knight Riders,Rajasthan Royals,bat,tie,0,Rajasthan Royals,0,0,JP Faulkner,Sheikh Zayed Stadium,Aleem Dar,AK Chaudhary,
478,2014,Ranchi,2014-05-02,Chennai Super Kings,Kolkata Knight Riders,Chennai Super Kings,bat,normal,0,Chennai Super Kings,34,0,RA Jadeja,JSCA International Stadium Complex,AK Chaudhary,NJ Llong,
480,2014,Delhi,2014-05-03,Delhi Daredevils,Rajasthan Royals,Rajasthan Royals,field,normal,0,Rajasthan Royals,0,7,KK Nair,Feroz Shah Kotla,SS Hazare,S Ravi,
481,2014,Bangalore,2014-05-04,Sunrisers Hyderabad,Royal Challengers Bangalore,Royal Challengers Bangalore,field,normal,0,Royal Challengers Bangalore,0,4,AB de Villiers,M Chinnaswamy Stadium,HDPK Dharmasena,VA Kulkarni,
483,2014,Delhi,2014-05-05,Delhi Daredevils,Chennai Super Kings,Chennai Super Kings,field,normal,0,Chennai Super Kings,0,8,DR Smith,Feroz Shah Kotla,RM Deshpande,BNJ Oxenford,
489,2014,Delhi,2014-05-10,Delhi Daredevils,Sunrisers Hyderabad,Sunrisers Hyderabad,field,normal,1,Sunrisers Hyderabad,0,8,DW Steyn,Feroz Shah Kotla,RM Deshpande,BNJ Oxenford,
490,2014,Mumbai,2014-05-10,Mumbai Indians,Chennai Super Kings,Chennai Super Kings,field,normal,0,Chennai Super Kings,0,4,DR Smith,Wankhede Stadium,HDPK Dharmasena,VA Kulkarni,
491,2014,Cuttack,2014-05-11,Kings XI Punjab,Kolkata Knight Riders,Kolkata Knight Riders,field,normal,0,Kolkata Knight Riders,0,9,G Gambhir,Barabati Stadium,NJ Llong,CK Nandan,
496,2014,Hyderabad,2014-05-14,Sunrisers Hyderabad,Kings XI Punjab,Kings XI Punjab,field,normal,0,Kings XI Punjab,0,6,WP Saha,"Rajiv Gandhi International Stadium, Uppal",VA Kulkarni,PG Pathak,
497,2014,Cuttack,2014-05-14,Mumbai Indians,Kolkata Knight Riders,Kolkata Knight Riders,field,normal,0,Kolkata Knight Riders,0,6,RV Uthappa,Barabati Stadium,AK Chaudhary,NJ Llong,
501,2014,Ahmedabad,2014-05-19,Mumbai Indians,Rajasthan Royals,Mumbai Indians,bat,normal,0,Mumbai Indians,25,0,MEK Hussey,"Sardar Patel Stadium, Motera",S Ravi,RJ Tucker,
502,2014,Delhi,2014-05-19,Delhi Daredevils,Kings XI Punjab,Kings XI Punjab,field,normal,0,Kings XI Punjab,0,4,AR Patel,Feroz Shah Kotla,HDPK Dharmasena,PG Pathak,
504,2014,Kolkata,2014-05-20,Chennai Super Kings,Kolkata Knight Riders,Kolkata Knight Riders,field,normal,0,Kolkata Knight Riders,0,8,RV Uthappa,Eden Gardens,RM Deshpande,C Shamshuddin,
505,2014,Chandigarh,2014-05-21,Kings XI Punjab,Mumbai Indians,Mumbai Indians,field,normal,0,Mumbai Indians,0,7,LMP Simmons,"Punjab Cricket Association Stadium, Mohali",HDPK Dharmasena,VA Kulkarni,
507,2014,Ranchi,2014-05-22,Chennai Super Kings,Sunrisers Hyderabad,Sunrisers Hyderabad,field,normal,0,Sunrisers Hyderabad,0,6,DA Warner,JSCA International Stadium Complex,BNJ Oxenford,C Shamshuddin,
510,2014,Bangalore,2014-05-24,Royal Challengers Bangalore,Chennai Super Kings,Chennai Super Kings,field,normal,0,Chennai Super Kings,0,8,MS Dhoni,M Chinnaswamy Stadium,AK Chaudhary,NJ Llong,
511,2014,Kolkata,2014-05-24,Sunrisers Hyderabad,Kolkata Knight Riders,Kolkata Knight Riders,field,normal,0,Kolkata Knight Riders,0,4,YK Pathan,Eden Gardens,RM Deshpande,BNJ Oxenford,
512,2014,Chandigarh,2014-05-25,Delhi Daredevils,Kings XI Punjab,Kings XI Punjab,field,normal,0,Kings XI Punjab,0,7,M Vohra,"Punjab Cricket Association Stadium, Mohali",HDPK Dharmasena,VA Kulkarni,
513,2014,Mumbai,2014-05-25,Rajasthan Royals,Mumbai Indians,Mumbai Indians,field,normal,0,Mumbai Indians,0,5,CJ Anderson,Wankhede Stadium,K Srinath,RJ Tucker,
515,2014,Mumbai,2014-05-28,Mumbai Indians,Chennai Super Kings,Chennai Super Kings,field,normal,0,Chennai Super Kings,0,7,SK Raina,Brabourne Stadium,VA Kulkarni,BNJ Oxenford,
517,2014,Bangalore,2014-06-01,Kings XI Punjab,Kolkata Knight Riders,Kolkata Knight Riders,field,normal,0,Kolkata Knight Riders,0,3,MK Pandey,M Chinnaswamy Stadium,HDPK Dharmasena,BNJ Oxenford,
518,2015,Kolkata,2015-04-08,Mumbai Indians,Kolkata Knight Riders,Kolkata Knight Riders,field,normal,0,Kolkata Knight Riders,0,7,M Morkel,Eden Gardens,S Ravi,C Shamshuddin,
521,2015,Chennai,2015-04-11,Chennai Super Kings,Sunrisers Hyderabad,Chennai Super Kings,bat,normal,0,Chennai Super Kings,45,0,BB McCullum,"MA Chidambaram Stadium, Chepauk",RK Illingworth,VA Kulkarni,
522,2015,Kolkata,2015-04-11,Kolkata Knight Riders,Royal Challengers Bangalore,Royal Challengers Bangalore,field,normal,0,Royal Challengers Bangalore,0,3,CH Gayle,Eden Gardens,S Ravi,C Shamshuddin,
523,2015,Delhi,2015-04-12,Delhi Daredevils,Rajasthan Royals,Rajasthan Royals,field,normal,0,Rajasthan Royals,0,3,DJ Hooda,Feroz Shah Kotla,SD Fry,CB Gaffaney,
525,2015,Bangalore,2015-04-13,Royal Challengers Bangalore,Sunrisers Hyderabad,Sunrisers Hyderabad,field,normal,0,Sunrisers Hyderabad,0,8,DA Warner,M Chinnaswamy Stadium,RM Deshpande,RK Illingworth,
527,2015,Kolkata,2015-04-30,Chennai Super Kings,Kolkata Knight Riders,Kolkata Knight Riders,field,normal,0,Kolkata Knight Riders,0,7,AD Russell,Eden Gardens,AK Chaudhary,M Erasmus,
529,2015,Visakhapatnam,2015-04-16,Sunrisers Hyderabad,Rajasthan Royals,Rajasthan Royals,field,normal,0,Rajasthan Royals,0,6,AM Rahane,Dr. Y.S. Rajasekhara Reddy ACA-VDCA Cricket Stadium,PG Pathak,S Ravi,
531,2015,Visakhapatnam,2015-04-18,Delhi Daredevils,Sunrisers Hyderabad,Delhi Daredevils,bat,normal,0,Delhi Daredevils,4,0,JP Duminy,Dr. Y.S. Rajasekhara Reddy ACA-VDCA Cricket Stadium,PG Pathak,S Ravi,
532,2015,Pune,2015-04-18,Kings XI Punjab,Kolkata Knight Riders,Kolkata Knight Riders,field,normal,0,Kolkata Knight Riders,0,4,AD Russell,Maharashtra Cricket Association Stadium,SD Fry,CK Nandan,
535,2015,Delhi,2015-04-20,Delhi Daredevils,Kolkata Knight Riders,Kolkata Knight Riders,field,normal,0,Kolkata Knight Riders,0,6,UT Yadav,Feroz Shah Kotla,SD Fry,CB Gaffaney,
536,2015,Ahmedabad,2015-04-21,Rajasthan Royals,Kings XI Punjab,Kings XI Punjab,field,tie,0,Kings XI Punjab,0,0,SE Marsh,"Sardar Patel Stadium, Motera",M Erasmus,S Ravi,
540,2015,Ahmedabad,2015-04-24,Rajasthan Royals,Royal Challengers Bangalore,Royal Challengers Bangalore,field,normal,0,Royal Challengers Bangalore,0,9,MA Starc,"Sardar Patel Stadium, Motera",M Erasmus,S Ravi,
541,2015,Mumbai,2015-04-25,Mumbai Indians,Sunrisers Hyderabad,Mumbai Indians,bat,normal,0,Mumbai Indians,20,0,SL Malinga,Wankhede Stadium,HDPK Dharmasena,CB Gaffaney,
542,2015,Chennai,2015-04-25,Chennai Super Kings,Kings XI Punjab,Chennai Super Kings,bat,normal,0,Chennai Super Kings,97,0,BB McCullum,"MA Chidambaram Stadium, Chepauk",JD Cloete,C Shamshuddin,
543,2015,Delhi,2015-04-26,Delhi Daredevils,Royal Challengers Bangalore,Royal Challengers Bangalore,field,normal,0,Royal Challengers Bangalore,0,10,VR Aaron,Feroz Shah Kotla,M Erasmus,S Ravi,
545,2015,Kolkata,2015-05-07,Kolkata Knight Riders,Delhi Daredevils,Kolkata Knight Riders,bat,normal,0,Kolkata Knight Riders,13,0,PP Chawla,Eden Gardens,AK Chaudhary,M Erasmus,
548,2015,Delhi,2015-05-01,Kings XI Punjab,Delhi Daredevils,Delhi Daredevils,field,normal,0,Delhi Daredevils,0,9,NM Coulter-Nile,Feroz Shah Kotla,RK Illingworth,S Ravi,
550,2015,Bangalore,2015-05-02,Kolkata Knight Riders,Royal Challengers Bangalore,Royal Challengers Bangalore,field,normal,0,Royal Challengers Bangalore,0,7,Mandeep Singh,M Chinnaswamy Stadium,JD Cloete,PG Pathak,
552,2015,Chandigarh,2015-05-03,Mumbai Indians,Kings XI Punjab,Mumbai Indians,bat,normal,0,Mumbai Indians,23,0,LMP Simmons,"Punjab Cricket Association Stadium, Mohali",RK Illingworth,VA Kulkarni,
554,2015,Chennai,2015-05-04,Chennai Super Kings,Royal Challengers Bangalore,Chennai Super Kings,bat,normal,0,Chennai Super Kings,24,0,SK Raina,"MA Chidambaram Stadium, Chepauk",C Shamshuddin,K Srinath,
561,2015,Raipur,2015-05-09,Sunrisers Hyderabad,Delhi Daredevils,Sunrisers Hyderabad,bat,normal,0,Sunrisers Hyderabad,6,0,MC Henriques,Shaheed Veer Narayan Singh International Stadium,VA Kulkarni,S Ravi,
562,2015,Mumbai,2015-05-10,Royal Challengers Bangalore,Mumbai Indians,Royal Challengers Bangalore,bat,normal,0,Royal Challengers Bangalore,39,0,AB de Villiers,Wankhede Stadium,JD Cloete,C Shamshuddin,
563,2015,Chennai,2015-05-10,Chennai Super Kings,Rajasthan Royals,Chennai Super Kings,bat,normal,0,Chennai Super Kings,12,0,RA Jadeja,"MA Chidambaram Stadium, Chepauk",M Erasmus,CK Nandan,
564,2015,Hyderabad,2015-05-11,Sunrisers Hyderabad,Kings XI Punjab,Sunrisers Hyderabad,bat,normal,0,Sunrisers Hyderabad,5,0,DA Warner,"Rajiv Gandhi International Stadium, Uppal",AK Chaudhary,HDPK Dharmasena,
570,2015,Mumbai,2015-05-16,Rajasthan Royals,Kolkata Knight Riders,Rajasthan Royals,bat,normal,0,Rajasthan Royals,9,0,SR Watson,Brabourne Stadium,RM Deshpande,RK Illingworth,
573,2015,Mumbai,2015-05-19,Mumbai Indians,Chennai Super Kings,Mumbai Indians,bat,normal,0,Mumbai Indians,25,0,KA Pollard,Wankhede Stadium,HDPK Dharmasena,RK Illingworth,
574,2015,Pune,2015-05-20,Royal Challengers Bangalore,Rajasthan Royals,Royal Challengers Bangalore,bat,normal,0,Royal Challengers Bangalore,71,0,AB de Villiers,Maharashtra Cricket Association Stadium,AK Chaudhary,C Shamshuddin,
575,2015,Ranchi,2015-05-22,Royal Challengers Bangalore,Chennai Super Kings,Chennai Super Kings,field,normal,0,Chennai Super Kings,0,3,A Nehra,JSCA International Stadium Complex,AK Chaudhary,CB Gaffaney,
578,2016,Kolkata,2016-04-10,Delhi Daredevils,Kolkata Knight Riders,Kolkata Knight Riders,field,normal,0,Kolkata Knight Riders,0,9,AD Russell,Eden Gardens,S Ravi,C Shamshuddin,
579,2016,Chandigarh,2016-04-11,Kings XI Punjab,Gujarat Lions,Gujarat Lions,field,normal,0,Gujarat Lions,0,5,AJ Finch,"Punjab Cricket Association IS Bindra Stadium, Mohali",AK Chaudhary,VA Kulkarni,
581,2016,Kolkata,2016-04-13,Kolkata Knight Riders,Mumbai Indians,Mumbai Indians,field,normal,0,Mumbai Indians,0,6,RG Sharma,Eden Gardens,Nitin Menon,S Ravi,
583,2016,Delhi,2016-04-15,Kings XI Punjab,Delhi Daredevils,Delhi Daredevils,field,normal,0,Delhi Daredevils,0,8,A Mishra,Feroz Shah Kotla,S Ravi,C Shamshuddin,
585,2016,Mumbai,2016-04-16,Mumbai Indians,Gujarat Lions,Gujarat Lions,field,normal,0,Gujarat Lions,0,3,AJ Finch,Wankhede Stadium,HDPK Dharmasena,VK Sharma,
587,2016,Bangalore,2016-04-17,Royal Challengers Bangalore,Delhi Daredevils,Delhi Daredevils,field,normal,0,Delhi Daredevils,0,7,Q de Kock,M Chinnaswamy Stadium,VA Kulkarni,A Nand Kishore,
588,2016,Hyderabad,2016-04-18,Mumbai Indians,Sunrisers Hyderabad,Sunrisers Hyderabad,field,normal,0,Sunrisers Hyderabad,0,7,DA Warner,"Rajiv Gandhi International Stadium, Uppal",HDPK Dharmasena,VK Sharma,
589,2016,Chandigarh,2016-04-19,Kings XI Punjab,Kolkata Knight Riders,Kolkata Knight Riders,field,normal,0,Kolkata Knight Riders,0,6,RV Uthappa,"Punjab Cricket Association IS Bindra Stadium, Mohali",S Ravi,C Shamshuddin,
590,2016,Mumbai,2016-04-20,Royal Challengers Bangalore,Mumbai Indians,Mumbai Indians,field,normal,0,Mumbai Indians,0,6,RG Sharma,Wankhede Stadium,AK Chaudhary,CK Nandan,
591,2016,Rajkot,2016-04-21,Gujarat Lions,Sunrisers Hyderabad,Sunrisers Hyderabad,field,normal,0,Sunrisers Hyderabad,0,10,B Kumar,Saurashtra Cricket Association Stadium,K Bharatan,HDPK Dharmasena,
594,2016,Hyderabad,2016-04-23,Kings XI Punjab,Sunrisers Hyderabad,Sunrisers Hyderabad,field,normal,0,Sunrisers Hyderabad,0,5,Mustafizur Rahman,"Rajiv Gandhi International Stadium, Uppal",AK Chaudhary,CK Nandan,
596,2016,Pune,2016-04-24,Rising Pune Supergiants,Kolkata Knight Riders,Kolkata Knight Riders,field,normal,0,Kolkata Knight Riders,0,2,SA Yadav,Maharashtra Cricket Association Stadium,CB Gaffaney,A Nand Kishore,
598,2016,Hyderabad,2016-04-26,Sunrisers Hyderabad,Rising Pune Supergiants,Rising Pune Supergiants,field,normal,1,Rising Pune Supergiants,34,0,AB Dinda,"Rajiv Gandhi International Stadium, Uppal",AY Dandekar,CK Nandan,
600,2016,Mumbai,2016-04-28,Kolkata Knight Riders,Mumbai Indians,Mumbai Indians,field,normal,0,Mumbai Indians,0,6,RG Sharma,Wankhede Stadium,Nitin Menon,RJ Tucker,
601,2016,Pune,2016-04-29,Rising Pune Supergiants,Gujarat Lions,Gujarat Lions,field,normal,0,Gujarat Lions,0,3,DR Smith,Maharashtra Cricket Association Stadium,CB Gaffaney,BNJ Oxenford,
605,2016,Pune,2016-05-01,Rising Pune Supergiants,Mumbai Indians,Mumbai Indians,field,normal,0,Mumbai Indians,0,8,RG Sharma,Maharashtra Cricket Association Stadium,AY Dandekar,RJ Tucker,
606,2016,Bangalore,2016-05-02,Royal Challengers Bangalore,Kolkata Knight Riders,Kolkata Knight Riders,field,normal,0,Kolkata Knight Riders,0,5,AD Russell,M Chinnaswamy Stadium,M Erasmus,S Ravi,
607,2016,Rajkot,2016-05-03,Gujarat Lions,Delhi Daredevils,Delhi Daredevils,field,normal,0,Delhi Daredevils,0,8,RR Pant,Saurashtra Cricket Association Stadium,CB Gaffaney,BNJ Oxenford,
609,2016,Delhi,2016-05-05,Delhi Daredevils,Rising Pune Supergiants,Rising Pune Supergiants,field,normal,0,Rising Pune Supergiants,0,7,AM Rahane,Feroz Shah Kotla,C Shamshuddin,RJ Tucker,
610,2016,Hyderabad,2016-05-06,Gujarat Lions,Sunrisers Hyderabad,Sunrisers Hyderabad,field,normal,0,Sunrisers Hyderabad,0,5,B Kumar,"Rajiv Gandhi International Stadium, Uppal",M Erasmus,S Ravi,
611,2016,Bangalore,2016-05-07,Rising Pune Supergiants,Royal Challengers Bangalore,Royal Challengers Bangalore,field,normal,0,Royal Challengers Bangalore,0,7,V Kohli,M Chinnaswamy Stadium,CB Gaffaney,BNJ Oxenford,
614,2016,Kolkata,2016-05-08,Kolkata Knight Riders,Gujarat Lions,Gujarat Lions,field,normal,0,Gujarat Lions,0,5,P Kumar,Eden Gardens,M Erasmus,RJ Tucker,
616,2016,Visakhapatnam,2016-05-10,Sunrisers Hyderabad,Rising Pune Supergiants,Sunrisers Hyderabad,bat,normal,0,Sunrisers Hyderabad,4,0,A Zampa,Dr. Y.S. Rajasekhara Reddy ACA-VDCA Cricket Stadium,CB Gaffaney,VK Sharma,
617,2016,Bangalore,2016-05-11,Royal Challengers Bangalore,Mumbai Indians,Mumbai Indians,field,normal,0,Mumbai Indians,0,6,KH Pandya,M Chinnaswamy Stadium,AY Dandekar,C Shamshuddin,
618,2016,Hyderabad,2016-05-12,Sunrisers Hyderabad,Delhi Daredevils,Delhi Daredevils,field,normal,0,Delhi Daredevils,0,7,CH Morris,"Rajiv Gandhi International Stadium, Uppal",K Bharatan,M Erasmus,
624,2016,Kolkata,2016-05-16,Kolkata Knight Riders,Royal Challengers Bangalore,Royal Challengers Bangalore,field,normal,0,Royal Challengers Bangalore,0,9,V Kohli,Eden Gardens,CB Gaffaney,A Nand Kishore,
625,2016,Visakhapatnam,2016-05-17,Delhi Daredevils,Rising Pune Supergiants,Rising Pune Supergiants,field,normal,1,Rising Pune Supergiants,19,0,AB Dinda,Dr. Y.S. Rajasekhara Reddy ACA-VDCA Cricket Stadium,Nitin Menon,C Shamshuddin,
627,2016,Kanpur,2016-05-19,Kolkata Knight Riders,Gujarat Lions,Gujarat Lions,field,normal,0,Gujarat Lions,0,6,DR Smith,Green Park,AK Chaudhary,CK Nandan,
628,2016,Raipur,2016-05-20,Sunrisers Hyderabad,Delhi Daredevils,Delhi Daredevils,field,normal,0,Delhi Daredevils,0,6,KK Nair,Shaheed Veer Narayan Singh International Stadium,A Nand Kishore,BNJ Oxenford,
630,2016,Kanpur,2016-05-21,Mumbai Indians,Gujarat Lions,Gujarat Lions,field,normal,0,Gujarat Lions,0,6,SK Raina,Green Park,AK Chaudhary,CK Nandan,
632,2016,Raipur,2016-05-22,Delhi Daredevils,Royal Challengers Bangalore,Royal Challengers Bangalore,field,normal,0,Royal Challengers Bangalore,0,6,V Kohli,Shaheed Veer Narayan Singh International Stadium,A Nand Kishore,BNJ Oxenford,
633,2016,Bangalore,2016-05-24,Gujarat Lions,Royal Challengers Bangalore,Royal Challengers Bangalore,field,normal,0,Royal Challengers Bangalore,0,4,AB de Villiers,M Chinnaswamy Stadium,AK Chaudhary,HDPK Dharmasena,
635,2016,Delhi,2016-05-27,Gujarat Lions,Sunrisers Hyderabad,Sunrisers Hyderabad,field,normal,0,Sunrisers Hyderabad,0,4,DA Warner,Feroz Shah Kotla,M Erasmus,CK Nandan,
636,2016,Bangalore,2016-05-29,Sunrisers Hyderabad,Royal Challengers Bangalore,Sunrisers Hyderabad,bat,normal,0,Sunrisers Hyderabad,8,0,BCJ Cutting,M Chinnaswamy Stadium,HDPK Dharmasena,BNJ Oxenford,
7894,2018,Mumbai,07/04/18,Mumbai Indians,Chennai Super Kings,Chennai Super Kings,field,normal,0,Chennai Super Kings,0,1,DJ Bravo,Wankhede Stadium,Chris Gaffaney,A Nanda Kishore,Anil Chaudhary
7895,2018,Mohali,08/04/18,Delhi Daredevils,Kings XI Punjab,Kings XI Punjab,field,normal,0,Kings XI Punjab,0,6,KL Rahul,"Punjab Cricket Association IS Bindra Stadium, Mohali",Rod Tucker,K Ananthapadmanabhan,Nitin Menon
7896,2018,Kolkata,08/04/18,Royal Challengers Bangalore,Kolkata Knight Riders,Kolkata Knight Riders,field,normal,0,Kolkata Knight Riders,0,4,SP Narine,Eden Gardens,C Shamshuddin,A.D Deshmukh,S Ravi
7897,2018,Hyderabad,09/04/18,Rajasthan Royals,Sunrisers Hyderabad,Sunrisers Hyderabad,field,normal,0,Sunrisers Hyderabad,0,9,S Dhawan,"Rajiv Gandhi International Stadium, Uppal",Nigel Llong,Vineet Kulkarni,O Nandan
7898,2018,Chennai,10/04/18,Kolkata Knight Riders,Chennai Super Kings,Chennai Super Kings,field,normal,0,Chennai Super Kings,0,5,SW Billings,"MA Chidambaram Stadium, Chepauk",Anil Chaudhary,Chris Gaffaney,A Nanda Kishore
7900,2018,Hyderabad,12/04/18,Mumbai Indians,Sunrisers Hyderabad,Sunrisers Hyderabad,field,normal,0,Sunrisers Hyderabad,0,1,Rashid Khan,"Rajiv Gandhi International Stadium, Uppal",O Nandan,Nigel Llong,Vineet Kulkarni
7901,2018,Bengaluru,13/04/18,Kings XI Punjab,Royal Challengers Bangalore,Royal Challengers Bangalore,field,normal,0,Royal Challengers Bangalore,0,4,UT Yadav,M Chinnaswamy Stadium,S Ravi,A.D Deshmukh,C Shamshuddin
7902,2018,Mumbai,14/04/18,Mumbai Indians,Delhi Daredevils,Delhi Daredevils,field,normal,0,Delhi Daredevils,0,7,JJ Roy,Wankhede Stadium,K Ananthapadmanabhan,Nitin Menon,Rod Tucker
7903,2018,Kolkata,14/04/18,Kolkata Knight Riders,Sunrisers Hyderabad,Sunrisers Hyderabad,field,normal,0,Sunrisers Hyderabad,0,5,B Stanlake,Eden Gardens,A Nanda Kishore,Anil Chaudhary,Chris Gaffaney
7908,2018,Jaipur,18/04/18,Rajasthan Royals,Kolkata Knight Riders,Kolkata Knight Riders,field,normal,0,Kolkata Knight Riders,0,7,N Rana,Sawai Mansingh Stadium,S Ravi,A.D Deshmukh,C Shamshuddin
7909,2018,Mohali,19/04/18,Kings XI Punjab,Sunrisers Hyderabad,Kings XI Punjab,bat,normal,0,Kings XI Punjab,15,0,CH Gayle,"Punjab Cricket Association IS Bindra Stadium, Mohali",Nigel Llong,Anil Chaudhary,Vineet Kulkarni
7911,2018,Kolkata,21/04/18,Kolkata Knight Riders,Kings XI Punjab,Kings XI Punjab,field,normal,1,Kings XI Punjab,0,9,KL Rahul,Eden Gardens,C Shamshuddin,A.D Deshmukh,S Ravi
7912,2018,Bengaluru,21/04/18,Delhi Daredevils,Royal Challengers Bangalore,Royal Challengers Bangalore,field,normal,0,Royal Challengers Bangalore,0,6,AB de Villiers,M Chinnaswamy Stadium,Chris Gaffaney,O Nandan,A Nanda Kishore
7917,2018,Bengaluru,25/04/18,Royal Challengers Bangalore,Chennai Super Kings,Chennai Super Kings,field,normal,0,Chennai Super Kings,0,5,MS Dhoni,M Chinnaswamy Stadium,Nigel Llong,Virender Kumar Sharma,Anil Chaudhary
7920,2018,Pune,28/04/18,Chennai Super Kings,Mumbai Indians,Mumbai Indians,field,normal,0,Mumbai Indians,0,8,RG Sharma,Maharashtra Cricket Association Stadium,Chris Gaffaney,Nitin Menon,Anil Dandekar
7921,2018,Jaipur,29/04/18,Sunrisers Hyderabad,Rajasthan Royals,Sunrisers Hyderabad,bat,normal,0,Sunrisers Hyderabad,11,0,KS Williamson,Sawai Mansingh Stadium,Bruce Oxenford,A Nanda Kishore,S Ravi
7922,2018,Bengaluru,29/04/18,Royal Challengers Bangalore,Kolkata Knight Riders,Kolkata Knight Riders,field,normal,0,Kolkata Knight Riders,0,6,CA Lynn,M Chinnaswamy Stadium,Nigel Llong,Anil Chaudhary,Virender Kumar Sharma
7926,2018,Kolkata,03/05/18,Chennai Super Kings,Kolkata Knight Riders,Kolkata Knight Riders,field,normal,0,Kolkata Knight Riders,0,6,SP Narine,Eden Gardens,Kumar Dharmasena,A.D Deshmukh,Anil Chaudhary
7927,2018,Indore,04/05/18,Kings XI Punjab,Mumbai Indians,Mumbai Indians,field,normal,0,Mumbai Indians,0,6,AS Yadav,Holkar Cricket Stadium,S Ravi,Anil Dandekar,C Shamshuddin
7928,2018,Pune,05/05/18,Royal Challengers Bangalore,Chennai Super Kings,Chennai Super Kings,field,normal,0,Chennai Super Kings,0,6,RA Jadeja,Maharashtra Cricket Association Stadium,Nitin Menon,Yeshwant Barde,Marais Erasmus
7931,2018,Indore,06/05/18,Rajasthan Royals,Kings XI Punjab,Kings XI Punjab,field,normal,0,Kings XI Punjab,0,6,M Ur Rahman,Holkar Cricket Stadium,C Shamshuddin,S Ravi,Anil Dandekar
7933,2018,Jaipur,08/05/18,Rajasthan Royals,Kings XI Punjab,Rajasthan Royals,bat,normal,0,Rajasthan Royals,15,0,JC Buttler,Sawai Mansingh Stadium,Marais Erasmus,Nitin Menon,Yeshwant Barde
7938,2018,Delhi,12/05/18,Delhi Daredevils,Royal Challengers Bangalore,Royal Challengers Bangalore,field,normal,0,Royal Challengers Bangalore,0,5,AB de Villiers,Feroz Shah Kotla,Kumar Dharmasena,Anil Chaudhary,K Ananthapadmanabhan
7939,2018,Pune,13/05/18,Sunrisers Hyderabad,Chennai Super Kings,Chennai Super Kings,field,normal,0,Chennai Super Kings,0,8,AT Rayudu,Maharashtra Cricket Association Stadium,Marais Erasmus,Yeshwant Barde,Anil Dandekar
7940,2018,Mumbai,13/05/18,Mumbai Indians,Rajasthan Royals,Rajasthan Royals,field,normal,0,Rajasthan Royals,0,7,JC Buttler,Wankhede Stadium,Nitin Menon,S Ravi,C Shamshuddin
7941,2018,Indore,14/05/18,Kings XI Punjab,Royal Challengers Bangalore,Royal Challengers Bangalore,field,normal,0,Royal Challengers Bangalore,0,10,UT Yadav,Holkar Cricket Stadium,Bruce Oxenford,Virender Kumar Sharma,O Nandan
7942,2018,Kolkata,15/05/18,Rajasthan Royals,Kolkata Knight Riders,Kolkata Knight Riders,field,normal,0,Kolkata Knight Riders,0,6,Kuldeep Yadav,Eden Gardens,Kumar Dharmasena,Anil Chaudhary,Vineet Kulkarni
7946,2018,Jaipur,19/05/18,Rajasthan Royals,Royal Challengers Bangalore,Rajasthan Royals,bat,normal,0,Rajasthan Royals,30,0,S Gopal,Sawai Mansingh Stadium,Bruce Oxenford,Virender Kumar Sharma,C Shamshuddin
7948,2018,Delhi,20/05/18,Delhi Daredevils,Mumbai Indians,Delhi Daredevils,bat,normal,0,Delhi Daredevils,11,0,A Mishra,Feroz Shah Kotla,Kumar Dharmasena,O Nandan,Vineet Kulkarni
7949,2018,Pune,20/05/18,Kings XI Punjab,Chennai Super Kings,Chennai Super Kings,field,normal,0,Chennai Super Kings,0,5,L Ngidi,Maharashtra Cricket Association Stadium,Nitin Menon,Yeshwant Barde,Marais Erasmus
7950,2018,Mumbai,22/05/18,Sunrisers Hyderabad,Chennai Super Kings,Chennai Super Kings,field,normal,0,Chennai Super Kings,0,2,F du Plessis,Wankhede Stadium,Marais Erasmus,C Shamshuddin,S Ravi
7953,2018,Mumbai,27/05/18,Sunrisers Hyderabad,Chennai Super Kings,Chennai Super Kings,field,normal,0,Chennai Super Kings,0,8,SR Watson,Wankhede Stadium,Marais Erasmus,S Ravi,Nitin Menon
11137,2019,Chennai,23/03/19,Royal Challengers Bangalore,Chennai Super Kings,Chennai Super Kings,field,normal,0,Chennai Super Kings,0,7,Harbhajan Singh,M. A. Chidambaram Stadium,Bruce Oxenford,Anil Dandekar,Nitin Menon
11138,2019,Kolkata,24/03/19,Sunrisers Hyderabad,Kolkata Knight Riders,Kolkata Knight Riders,field,normal,0,Kolkata Knight Riders,0,6,AD Russell,Eden Gardens,Chris Gaffaney,Anil Chaudhary,Vineet Kulkarni
11145,2019,Mohali,30/03/19,Mumbai Indians,Kings XI Punjab,Kings XI Punjab,field,normal,0,Kings XI Punjab,0,8,MA Agarwal,IS Bindra Stadium,Vineet Kulkarni,Chris Gaffaney,Anil Chaudhary
11146,2019,Delhi,30/03/19,Kolkata Knight Riders,Delhi Capitals,Delhi Capitals,field,tie,0,Delhi Capitals,0,0,P Shaw,Feroz Shah Kotla Ground,Anil Dandekar,Nitin Menon,Marais Erasmus
11150,2019,Jaipur,02/04/19,Royal Challengers Bangalore,Rajasthan Royals,Rajasthan Royals,field,normal,0,Rajasthan Royals,0,7,S Gopal,Sawai Mansingh Stadium,Marais Erasmus,Anil Dandekar,Nitin Menon
11152,2019,Delhi,04/04/19,Delhi Capitals,Sunrisers Hyderabad,Sunrisers Hyderabad,field,normal,0,Sunrisers Hyderabad,0,5,J Bairstow,Feroz Shah Kotla Ground,C Shamshuddin,KN Anantapadmanabhan,S Ravi
11153,2019,Bengaluru,05/04/19,Royal Challengers Bangalore,Kolkata Knight Riders,Kolkata Knight Riders,field,normal,0,Kolkata Knight Riders,0,5,AD Russell,M. Chinnaswamy Stadium,Anil Chaudhary,Chris Gaffaney,O Nandan
11309,2019,Chennai,06/04/19,Chennai Super Kings,Kings XI Punjab,Chennai Super Kings,bat,normal,0,Chennai Super Kings,22,0,Harbhajan Singh,M. A. Chidambaram Stadium,KN Ananthapadmanabhan,Rod Tucker,C Shamshuddin
11311,2019,Bengaluru,07/04/19,Royal Challengers Bangalore,Delhi Capitals,Delhi Capitals,field,normal,0,Delhi Capitals,0,4,K Rabada,M. Chinnaswamy Stadium,S Ravi,Yeshwant Barde,O Nandan
11312,2019,Jaipur,07/04/19,Rajasthan Royals,Kolkata Knight Riders,Kolkata Knight Riders,field,normal,0,Kolkata Knight Riders,0,8,H Gurney,Sawai Mansingh Stadium,Chris Gaffaney,Anil Chaudhary,Bruce Oxenford
11313,2019,Mohali,08/04/19,Sunrisers Hyderabad,Kings XI Punjab,Kings XI Punjab,field,normal,0,Kings XI Punjab,0,6,KL Rahul,IS Bindra Stadium,Marais Erasmus,Anil Dandekar,Nitin Menon
11314,2019,Chennai,09/04/19,Kolkata Knight Riders,Chennai Super Kings,Chennai Super Kings,field,normal,0,Chennai Super Kings,0,7,DL Chahar,M. A. Chidambaram Stadium,Rod Tucker,C Shamshuddin,Ulhas Gandhe
11315,2019,Mumbai,10/04/19,Kings XI Punjab,Mumbai Indians,Mumbai Indians,field,normal,0,Mumbai Indians,0,3,KA Pollard,Wankhede Stadium,Yeshwant Barde,S Ravi,O Nandan
11316,2019,Jaipur,11/04/19,Rajasthan Royals,Chennai Super Kings,Chennai Super Kings,field,normal,0,Chennai Super Kings,0,4,MS Dhoni,Sawai Mansingh Stadium,Bruce Oxenford,Ulhas Gandhe,Chris Gaffaney
11317,2019,Kolkata,12/04/19,Kolkata Knight Riders,Delhi Capitals,Delhi Capitals,field,normal,0,Delhi Capitals,0,7,S Dhawan,Eden Gardens,Yeshwant Barde,O Nandan,Rod Tucker
11318,2019,Mumbai,13/04/19,Mumbai Indians,Rajasthan Royals,Rajasthan Royals,field,normal,0,Rajasthan Royals,0,4,JC Buttler,Wankhede Stadium,Nitin Menon,Nanda Kishore,Marais Erasmus
11319,2019,Mohali,13/04/19,Kings XI Punjab,Royal Challengers Bangalore,Royal Challengers Bangalore,field,normal,0,Royal Challengers Bangalore,0,8,AB de Villiers,IS Bindra Stadium,S Ravi,Ulhas Gandhe,Nigel Llong
11320,2019,Kolkata,14/04/19,Kolkata Knight Riders,Chennai Super Kings,Chennai Super Kings,field,normal,0,Chennai Super Kings,0,5,Imran Tahir,Eden Gardens,Rod Tucker,O Nandan,Yeshwant Barde
11322,2019,Mumbai,15/04/19,Royal Challengers Bangalore,Mumbai Indians,Mumbai Indians,field,normal,0,Mumbai Indians,0,5,SL Malinga,Wankhede Stadium,Marais Erasmus,Nitin Menon,Nanda Kishore
11325,2019,Delhi,18/04/19,Mumbai Indians,Delhi Capitals,Mumbai Indians,bat,normal,0,Mumbai Indians,40,0,HH Pandya,Feroz Shah Kotla Ground,Nigel Llong,Bruce Oxenford,Anil Chaudhary
11327,2019,Jaipur,20/04/19,Mumbai Indians,Rajasthan Royals,Rajasthan Royals,field,normal,0,Rajasthan Royals,0,5,SPD Smith,Sawai Mansingh Stadium,S Ravi,Yeshwant Barde,O Nandan
11328,2019,Delhi,20/04/19,Kings XI Punjab,Delhi Capitals,Delhi Capitals,field,normal,0,Delhi Capitals,0,5,SS Iyer,Feroz Shah Kotla Ground,Ulhas Gandhe,C Shamshuddin,Bruce Oxenford
11329,2019,Hyderabad,21/04/19,Kolkata Knight Riders,Sunrisers Hyderabad,Sunrisers Hyderabad,field,normal,0,Sunrisers Hyderabad,0,9,K Ahmed,Rajiv Gandhi Intl. Cricket Stadium,Nitin Menon,Nigel Llong,Ian Gould
11331,2019,Jaipur,22/04/19,Rajasthan Royals,Delhi Capitals,Delhi Capitals,field,normal,0,Delhi Capitals,0,6,RR Pant,Sawai Mansingh Stadium,S Ravi,Nanda Kishore,Yeshwant Barde
11332,2019,Chennai,23/04/19,Sunrisers Hyderabad,Chennai Super Kings,Chennai Super Kings,field,normal,0,Chennai Super Kings,0,6,SR Watson,M. A. Chidambaram Stadium,Nigel Llong,Anil Chaudhary,Vineet Kulkarni
11334,2019,Kolkata,25/04/19,Kolkata Knight Riders,Rajasthan Royals,Rajasthan Royals,field,normal,0,Rajasthan Royals,0,3,VR Aaron,Eden Gardens,Ian Gould,Anil Dandekar,Nitin Menon
11336,2019,Jaipur,27/04/19,Sunrisers Hyderabad,Rajasthan Royals,Rajasthan Royals,field,normal,0,Rajasthan Royals,0,7,JD Unadkat,Sawai Mansingh Stadium,Yeshwant Barde,Nand Kishore,Sundaram Ravi
11337,2019,Delhi,28/04/19,Delhi Capitals,Royal Challengers Bangalore,Delhi Capitals,bat,normal,0,Delhi Capitals,16,0,S Dhawan,Feroz Shah Kotla Ground,Bruce Oxenford,KN Ananthapadmanabhan,C Shamshuddin
11342,2019,Mumbai,02/05/19,Mumbai Indians,Sunrisers Hyderabad,Mumbai Indians,bat,tie,0,Mumbai Indians,0,0,JJ Bumrah,Wankhede Stadium,S Ravi,O Nandan,Nanda Kishore
11343,2019,Mohali,03/05/19,Kings XI Punjab,Kolkata Knight Riders,Kolkata Knight Riders,field,normal,0,Kolkata Knight Riders,0,7,S Gill,IS Bindra Stadium,Bruce Oxenford,C Shamshuddin,KN Ananthapadmanabhan
11345,2019,Bengaluru,04/05/19,Sunrisers Hyderabad,Royal Challengers Bangalore,Royal Challengers Bangalore,field,normal,0,Royal Challengers Bangalore,0,4,S Hetmyer,M. Chinnaswamy Stadium,Nigel Llong,Anil Chaudhary,Ulhas Gandhe
11346,2019,Mohali,05/05/19,Chennai Super Kings,Kings XI Punjab,Kings XI Punjab,field,normal,0,Kings XI Punjab,0,6,KL Rahul,IS Bindra Stadium,KN Ananthapadmanabhan,C Shamshuddin,Bruce Oxenford
11347,2019,Mumbai,05/05/19,Kolkata Knight Riders,Mumbai Indians,Mumbai Indians,field,normal,0,Mumbai Indians,0,9,HH Pandya,Wankhede Stadium,Nanda Kishore,O Nandan,S Ravi
11413,2019,Visakhapatnam,08/05/19,Sunrisers Hyderabad,Delhi Capitals,Delhi Capitals,field,normal,0,Delhi Capitals,0,2,RR Pant,ACA-VDCA Stadium,,,
11414,2019,Visakhapatnam,10/05/19,Delhi Capitals,Chennai Super Kings,Chennai Super Kings,field,normal,0,Chennai Super Kings,0,6,F du Plessis,ACA-VDCA Stadium,Sundaram Ravi,Bruce Oxenford,Chettithody Shamshuddin
11415,2019,Hyderabad,12/05/19,Mumbai Indians,Chennai Super Kings,Mumbai Indians,bat,normal,0,Mumbai Indians,1,0,JJ Bumrah,Rajiv Gandhi Intl. Cricket Stadium,Nitin Menon,Ian Gould,Nigel Llong